person,/m/01g317,0.0,0.3,0.8507565855979919,0.2060084044933319,0.00014328001998364925,0.30730587244033813,0.17035165429115295
bottle,/m/04dr76w,0.0,3.0,0.6664146780967712,0.7360642552375793,0.07980497926473618,0.8928240537643433,0.6346568465232849
person,/m/01g317,0.8,1.1,0.8302818536758423,0.5169095993041992,0.0,0.6582130193710327,0.20951224863529205
kitchen appliance,/m/0h99cwc,1.2,2.3,0.6343875527381897,0.103401780128479,0.13017940521240234,0.3958049416542053,0.7091920971870422
egg,/m/033cnk,1.2,2.7,0.5319975018501282,0.60223388671875,0.3508118987083435,0.7506780624389648,0.6268837451934814
home appliance,/m/019dx1,1.4,1.4,0.5064417123794556,0.08090099692344666,0.1340474784374237,0.4171532988548279,0.7581980228424072
person,/m/01g317,1.7,1.9,0.8330346941947937,0.10196152329444885,0.004361141473054886,0.8297114372253418,0.16990381479263306
food processor,/m/03y6mg,1.8,1.8,0.5144724249839783,0.08090099692344666,0.13236920535564423,0.4167494773864746,0.7581980228424072
home appliance,/m/019dx1,3.3,3.9,0.5563259124755859,0.08090099692344666,0.1218019425868988,0.4218442738056183,0.7581980228424072
kitchen appliance,/m/0h99cwc,4.0,10.5,0.6079361438751221,0.08090099692344666,0.13321615755558014,0.4168446958065033,0.7581980228424072
person,/m/01g317,4.2,5.9,0.8288801312446594,0.14410355687141418,0.005288556218147278,0.7204161882400513,0.09071327745914459
bottle,/m/04dr76w,4.4,5.0,0.5571225881576538,0.41897788643836975,0.003753132186830044,0.5161718130111694,0.28281429409980774
table,/m/04bcr3,4.8,5.8,0.5963351130485535,0.004728291183710098,0.08710206300020218,0.9947993159294128,0.9687162041664124
home appliance,/m/019dx1,4.9,4.9,0.5240658521652222,0.08090099692344666,0.13670556247234344,0.4176584780216217,0.7581980228424072
person,/m/01g317,5.6,5.9,0.8976133465766907,0.0,0.0,0.2938595116138458,0.4126383364200592
table,/m/04bcr3,7.8,7.8,0.5271884202957153,0.007359325885772705,0.11000001430511475,0.9952415823936462,0.9807919859886169
food processor,/m/03y6mg,8.1,9.9,0.596476674079895,0.005605414509773254,0.028241552412509918,0.4261534810066223,0.8642640709877014
person,/m/01g317,9.2,10.3,0.7614200711250305,0.01227569580078125,0.0,0.44280824065208435,0.46161696314811707
food,/m/02wbm,10.1,10.7,0.5133945941925049,0.7163608074188232,0.37899675965309143,0.8846867084503174,0.6591111421585083
bottle,/m/04dr76w,10.8,11.5,0.5817272663116455,0.07537072151899338,0.0,0.21644234657287598,0.22938059270381927
tableware,/m/04brg2,11.0,11.7,0.5255788564682007,0.7195703983306885,0.3778219521045685,0.8846579194068909,0.6543598771095276
tableware,/m/04brg2,11.0,11.7,0.5255788564682007,0.5806140899658203,0.3785017728805542,0.8804687261581421,0.6666119694709778
food processor,/m/03y6mg,11.5,11.9,0.6598700284957886,0.0028567351400852203,0.015735898166894913,0.3844902813434601,0.8642640709877014
mixer,/m/063rgb,11.7,11.8,0.521182119846344,0.08090099692344666,0.12810976803302765,0.3990990221500397,0.7611434459686279
kitchen appliance,/m/0h99cwc,11.9,16.4,0.6169321537017822,0.0009009875357151031,0.16063697636127472,0.3190990090370178,0.7581980228424072
bottle,/m/04dr76w,13.3,18.5,0.734166145324707,0.7074131369590759,0.004811891354620457,0.8235297799110413,0.2707313299179077
tableware,/m/04brg2,13.7,14.3,0.5144357681274414,0.7125672698020935,0.36961829662323,0.8846696615219116,0.6573656797409058
tableware,/m/04brg2,13.7,14.3,0.5144357681274414,0.5771390795707703,0.3785738945007324,0.8864619731903076,0.6671367883682251
person,/m/01g317,13.9,27.2,0.826147735118866,0.11421331018209457,0.0,0.8704535365104675,0.21576844155788422
person,/m/01g317,13.9,27.2,0.826147735118866,0.012800334952771664,-0.004291628487408161,0.8094432353973389,0.25934064388275146
table,/m/04bcr3,16.3,17.6,0.591598629951477,0.006316617131233215,0.0800970271229744,0.9953523278236389,0.9636411666870117
tableware,/m/04brg2,17.0,20.6,0.5272857546806335,0.020342212170362473,0.16841033101081848,0.29466697573661804,0.5761712789535522
tin can,/m/02jnhm,17.7,17.8,0.5488651990890503,0.36000001430511475,0.4136295020580292,0.5924386978149414,0.7359538674354553
kitchen appliance,/m/0h99cwc,18.2,18.6,0.5428444743156433,0.08090099692344666,0.1675744205713272,0.3990990221500397,0.7634117603302002
tableware,/m/04brg2,18.3,18.7,0.538375198841095,0.7150095105171204,0.37448814511299133,0.8853407502174377,0.6565148830413818
table,/m/04bcr3,18.7,46.8,0.6722787022590637,0.006380084902048111,0.11000001430511475,0.9906599521636963,0.9741896986961365
person,/m/01g317,18.8,19.1,0.819898247718811,0.6381316184997559,0.0,0.7826089859008789,0.18939712643623352
kitchen appliance,/m/0h99cwc,20.2,20.2,0.5133851766586304,0.08090099692344666,0.1737843006849289,0.3990990221500397,0.7660839557647705
tableware,/m/04brg2,21.4,23.9,0.5285637974739075,0.7141026854515076,0.37398937344551086,0.8848617672920227,0.6565120816230774
tableware,/m/04brg2,21.4,23.9,0.5285637974739075,0.6108758449554443,0.3693855106830597,0.9095339179039001,0.6651894450187683
snack,/m/01ww8y,21.6,21.6,0.5756980180740356,0.36000001430511475,0.4280818700790405,0.5924310088157654,0.7315566539764404
tableware,/m/04brg2,21.7,26.4,0.5201998353004456,0.027909914031624794,0.17065855860710144,0.2941567897796631,0.5648800730705261
kitchen appliance,/m/0h99cwc,23.9,23.9,0.6302055716514587,0.08090099692344666,0.17191390693187714,0.4035109281539917,0.7608457207679749
food,/m/02wbm,25.0,25.0,0.5046625137329102,0.5688108205795288,0.3810589015483856,0.7307052612304688,0.6587742567062378
tableware,/m/04brg2,25.2,25.9,0.5103986263275146,0.5772209763526917,0.37379589676856995,0.880782961845398,0.6642425060272217
food,/m/02wbm,27.0,27.0,0.5393077731132507,0.5675745010375977,0.3776674270629883,0.730610191822052,0.6571038961410522
tableware,/m/04brg2,27.5,29.5,0.5216965675354004,0.7148801684379578,0.3693707287311554,0.8878355026245117,0.6600258350372314
tableware,/m/04brg2,27.5,29.5,0.5216965675354004,0.5897481441497803,0.36965489387512207,0.8874391317367554,0.6661090850830078
food,/m/02wbm,28.1,28.3,0.5334036350250244,0.42030638456344604,0.07630844414234161,0.5920103192329407,0.2575421631336212
person,/m/01g317,28.4,28.7,0.7866554856300354,0.16548575460910797,0.0016716575482860208,0.511748194694519,0.20859229564666748
food,/m/02wbm,28.4,29.5,0.5407755374908447,0.5689535737037659,0.3689178228378296,0.7315220236778259,0.6540761590003967
food,/m/02wbm,28.4,29.5,0.5407755374908447,0.4225206673145294,0.039753805845975876,0.6098270416259766,0.22172175347805023
kitchen appliance,/m/0h99cwc,28.8,28.9,0.5788687467575073,0.08090099692344666,0.15896108746528625,0.39951062202453613,0.7657749652862549
tableware,/m/04brg2,29.0,30.3,0.5165860056877136,0.01940840296447277,0.1643904447555542,0.29984891414642334,0.5727174878120422
egg,/m/033cnk,29.1,29.4,0.5524824857711792,0.5695049166679382,0.37404975295066833,0.7318887114524841,0.6556980013847351
ice cream,/m/0cxn2,29.2,29.6,0.6541230082511902,0.4715033173561096,0.03855074942111969,0.6559306979179382,0.32819610834121704
person,/m/01g317,30.0,30.7,0.7730435132980347,0.15727882087230682,0.0,0.8428112864494324,0.508895993232727
food,/m/02wbm,30.1,30.9,0.5072706937789917,0.573016345500946,0.37374982237815857,0.7337486743927002,0.6564257144927979
egg,/m/033cnk,30.3,30.3,0.5094373822212219,0.5710344314575195,0.37448757886886597,0.7324178218841553,0.6548054218292236
sushi,/m/07030,30.4,30.4,0.5581094622612,0.4296659231185913,0.06792904436588287,0.7244555950164795,0.365200936794281
kitchen appliance,/m/0h99cwc,30.9,31.9,0.5785464644432068,0.08090099692344666,0.16987964510917664,0.40768134593963623,0.7700052261352539
tableware,/m/04brg2,31.1,31.7,0.5182541012763977,0.7141036987304688,0.37337005138397217,0.8870286345481873,0.6591681241989136
food,/m/02wbm,31.4,51.0,0.5473995208740234,0.4594118595123291,0.10347294807434082,0.6408460736274719,0.25357237458229065
person,/m/01g317,32.4,32.6,0.8056721091270447,0.13019239902496338,0.003397461026906967,0.7028247714042664,0.2966025471687317
kitchen appliance,/m/0h99cwc,33.1,33.5,0.5511337518692017,0.08090099692344666,0.18694549798965454,0.3990990221500397,0.7706155180931091
tableware,/m/04brg2,33.2,33.6,0.5044642686843872,0.7180721759796143,0.3708542585372925,0.8844411969184875,0.6577328443527222
person,/m/01g317,34.1,34.9,0.8296125531196594,0.11632604151964188,0.003397461026906967,0.6651003360748291,0.24145914614200592
kitchen appliance,/m/0h99cwc,35.2,35.3,0.5683296322822571,0.08090099692344666,0.17418698966503143,0.3990990221500397,0.7670300006866455
tableware,/m/04brg2,39.1,39.1,0.5189800262451172,0.6274521946907043,0.1984889656305313,0.7873691320419312,0.36411234736442566
person,/m/01g317,40.0,41.5,0.8024824261665344,0.13530215620994568,0.0037563133519142866,0.45815643668174744,0.19374078512191772
tableware,/m/04brg2,40.1,40.6,0.5099062919616699,0.624561071395874,0.20261937379837036,0.7854000329971313,0.370069682598114
tableware,/m/04brg2,40.1,40.1,0.5035843849182129,0.021226003766059875,0.16512316465377808,0.29707425832748413,0.5677716732025146
kitchen appliance,/m/0h99cwc,41.3,45.9,0.5783323049545288,0.08090099692344666,0.18496841192245483,0.3990990221500397,0.7697311043739319
tableware,/m/04brg2,41.6,42.5,0.5110490918159485,0.02091885544359684,0.17187894880771637,0.30122891068458557,0.581541121006012
food,/m/02wbm,42.0,42.1,0.5080238580703735,0.5713632106781006,0.38038161396980286,0.7330036759376526,0.6570397615432739
person,/m/01g317,43.2,43.3,0.8399841785430908,0.13019239902496338,0.0,0.7480626702308655,0.15543097257614136
tableware,/m/04brg2,43.6,44.1,0.5038852691650391,0.7201673984527588,0.3717022240161896,0.8835008144378662,0.6574849486351013
tableware,/m/04brg2,43.6,44.1,0.5038852691650391,0.6158086657524109,0.37219080328941345,0.898613691329956,0.6664265394210815
person,/m/01g317,45.4,45.4,0.8452101349830627,0.13019239902496338,0.003397461026906967,0.6950671076774597,0.265105664730072
kitchen appliance,/m/0h99cwc,46.9,53.0,0.5834881067276001,0.08090099692344666,0.15289078652858734,0.3990990221500397,0.7677053809165955
food,/m/02wbm,47.0,48.1,0.5102983713150024,0.5704109072685242,0.38224080204963684,0.7339919209480286,0.6583046913146973
food processor,/m/03y6mg,47.2,47.2,0.5063097476959229,0.010005667805671692,0.0502154603600502,0.39896947145462036,0.8642640709877014
table,/m/04bcr3,48.4,228.9,0.7531360387802124,0.004812818020582199,0.08633634448051453,0.9975785613059998,0.9654927253723145
person,/m/01g317,49.6,49.9,0.9066413044929504,0.6566212177276611,0.004304065834730864,1.0,0.2390623390674591
food,/m/02wbm,52.0,53.0,0.5569657683372498,0.4474610686302185,0.22382239997386932,0.6187635064125061,0.45252782106399536
kitchen appliance,/m/0h99cwc,54.1,56.9,0.53913813829422,0.08090099692344666,0.17449158430099487,0.3990990221500397,0.7686885595321655
tableware,/m/04brg2,54.4,54.8,0.5156151652336121,0.5973235964775085,0.37133845686912537,0.8857412338256836,0.6670736074447632
person,/m/01g317,54.8,55.1,0.9203069806098938,0.12183491140604019,0.0,0.4769076108932495,0.20432451367378235
food,/m/02wbm,58.1,58.6,0.507863461971283,0.5694993734359741,0.37861788272857666,0.7343931198120117,0.6600018739700317
kitchen appliance,/m/0h99cwc,58.3,60.9,0.5897692441940308,0.08090099692344666,0.1794925183057785,0.4005635976791382,0.7699737548828125
tableware,/m/04brg2,58.9,58.9,0.5110278129577637,0.5926259756088257,0.37170645594596863,0.88413006067276,0.6647815704345703
kitchen appliance,/m/0h99cwc,62.7,62.7,0.5183042287826538,0.08090099692344666,0.1683138906955719,0.40016692876815796,0.7581980228424072
person,/m/01g317,63.0,65.1,0.8132951855659485,0.12584246695041656,0.003397461026906967,0.6660452485084534,0.2397630363702774
kitchen appliance,/m/0h99cwc,63.6,65.9,0.5787981152534485,0.08090099692344666,0.16882801055908203,0.4018973410129547,0.7581980228424072
tableware,/m/04brg2,63.8,63.8,0.5053451657295227,0.6267820000648499,0.1672050803899765,0.7810243368148804,0.3406298756599426
tableware,/m/04brg2,63.8,63.9,0.5108878016471863,0.4188803732395172,0.19379079341888428,0.6403768062591553,0.4648243486881256
person,/m/01g317,65.3,65.3,0.8747168183326721,0.13019239902496338,0.003397461026906967,0.7084360122680664,0.24488021433353424
tableware,/m/04brg2,65.8,65.8,0.5225324630737305,0.41756027936935425,0.20260539650917053,0.6403048634529114,0.45751678943634033
person,/m/01g317,66.4,68.7,0.8689696192741394,0.13997696340084076,0.0,0.6372391581535339,0.21349063515663147
food,/m/02wbm,66.5,71.1,0.5442932844161987,0.4485015273094177,0.2199988216161728,0.6207669377326965,0.4439093768596649
kitchen appliance,/m/0h99cwc,68.2,71.9,0.5688571929931641,0.08090099692344666,0.1720440685749054,0.3990990221500397,0.7590897083282471
person,/m/01g317,70.4,128.7,0.8641948103904724,0.14286817610263824,0.0011443900875747204,0.6766297817230225,0.26802271604537964
tableware,/m/04brg2,71.0,71.7,0.5130554437637329,0.5923726558685303,0.3696148991584778,0.8875036239624023,0.6640104055404663
food,/m/02wbm,72.0,75.6,0.5503723621368408,0.44900602102279663,0.22629405558109283,0.618763267993927,0.4503345787525177
egg,/m/033cnk,72.0,72.3,0.5435625314712524,0.5724475979804993,0.37333643436431885,0.7342104315757751,0.6542413234710693
kitchen appliance,/m/0h99cwc,73.0,74.6,0.5979174971580505,0.08090099692344666,0.1643964946269989,0.3990990221500397,0.7581980228424072
tableware,/m/04brg2,73.5,73.5,0.5065792202949524,0.7221059799194336,0.3747844398021698,0.8852679133415222,0.652756929397583
kitchen appliance,/m/0h99cwc,76.3,82.1,0.5705845355987549,0.08090099692344666,0.1674899309873581,0.3990990221500397,0.7581980228424072
food,/m/02wbm,77.0,78.4,0.5365437865257263,0.4477405548095703,0.22501152753829956,0.6173344850540161,0.44709280133247375
egg,/m/033cnk,77.1,77.1,0.5014456510543823,0.575243353843689,0.37182578444480896,0.7341840267181396,0.651688814163208
food,/m/02wbm,80.0,81.8,0.5437147617340088,0.44645753502845764,0.22414575517177582,0.617745578289032,0.44600993394851685
tableware,/m/04brg2,82.2,82.7,0.5041764378547668,0.7192990183830261,0.37110501527786255,0.8848060965538025,0.652790367603302
food,/m/02wbm,83.0,83.0,0.5642688870429993,0.44888025522232056,0.2249937206506729,0.6187523603439331,0.4458608329296112
kitchen appliance,/m/0h99cwc,83.1,84.1,0.5828055739402771,0.08090099692344666,0.16549786925315857,0.3990990221500397,0.7595123052597046
food,/m/02wbm,85.0,88.0,0.6042628288269043,0.45078107714653015,0.2248362898826599,0.617959201335907,0.44681060314178467
egg,/m/033cnk,86.0,86.9,0.514541745185852,0.5716711282730103,0.3729860484600067,0.7369915246963501,0.6563253998756409
kitchen appliance,/m/0h99cwc,89.1,89.1,0.5077993869781494,0.08090099692344666,0.1651959866285324,0.3992033302783966,0.7581980228424072
food,/m/02wbm,91.0,91.1,0.502747654914856,0.45749273896217346,0.22325028479099274,0.6180931925773621,0.44460785388946533
kitchen appliance,/m/0h99cwc,92.0,92.5,0.5348581075668335,0.08090099692344666,0.16581284999847412,0.4019222855567932,0.759941041469574
tableware,/m/04brg2,92.1,93.9,0.5138868689537048,0.6148181557655334,0.3717815577983856,0.8922501802444458,0.6625537872314453
food,/m/02wbm,92.3,92.7,0.5107424259185791,0.45246046781539917,0.223910853266716,0.6179949045181274,0.44558534026145935
kitchen appliance,/m/0h99cwc,95.0,95.1,0.5118370652198792,0.08090099692344666,0.18705075979232788,0.3990990221500397,0.7688931822776794
tableware,/m/04brg2,96.0,96.0,0.5066170692443848,0.7219529747962952,0.3727158308029175,0.8839645385742188,0.6531685590744019
food,/m/02wbm,96.3,96.5,0.5018998384475708,0.45453664660453796,0.22407197952270508,0.6172775030136108,0.4466407001018524
kitchen appliance,/m/0h99cwc,98.0,98.0,0.5812603831291199,0.08090099692344666,0.17803412675857544,0.3990990221500397,0.7649272680282593
food,/m/02wbm,101.1,101.1,0.5097247958183289,0.45648911595344543,0.22298286855220795,0.6180532574653625,0.44567424058914185
tableware,/m/04brg2,105.0,105.0,0.5105472207069397,0.5947683453559875,0.36800920963287354,0.8867831826210022,0.6647456884384155
kitchen appliance,/m/0h99cwc,106.2,110.5,0.5276636481285095,0.08090099692344666,0.16793294250965118,0.399711549282074,0.7612138390541077
tableware,/m/04brg2,106.4,106.4,0.5020807981491089,0.5859111547470093,0.36916252970695496,0.8904806971549988,0.6644335985183716
food,/m/02wbm,109.4,109.4,0.5003635287284851,0.4556512236595154,0.22238320112228394,0.6184377074241638,0.44425156712532043
tableware,/m/04brg2,110.0,111.9,0.5129306316375732,0.7223383784294128,0.3737865686416626,0.8868922591209412,0.653339684009552
tableware,/m/04brg2,110.0,111.9,0.5129306316375732,0.6145987510681152,0.3669958710670471,0.8952546119689941,0.6629767417907715
food,/m/02wbm,111.5,117.1,0.5235133767127991,0.4524626135826111,0.22329586744308472,0.6209864020347595,0.44703006744384766
kitchen appliance,/m/0h99cwc,111.8,113.5,0.5302508473396301,0.08090099692344666,0.17279179394245148,0.3990990221500397,0.758256196975708
tableware,/m/04brg2,112.9,114.3,0.5159984230995178,0.5970551371574402,0.3706267178058624,0.8904396295547485,0.6616871356964111
egg,/m/033cnk,113.9,113.9,0.5090011358261108,0.5699877142906189,0.36863601207733154,0.7392066121101379,0.6528500318527222
kitchen appliance,/m/0h99cwc,115.0,116.9,0.5417107343673706,0.08090099692344666,0.17318116128444672,0.3990990221500397,0.7581980228424072
tableware,/m/04brg2,117.7,118.0,0.5047544240951538,0.5935310125350952,0.36956560611724854,0.889380931854248,0.664443850517273
food,/m/02wbm,118.0,120.1,0.5149145126342773,0.4498235881328583,0.22495509684085846,0.6198976039886475,0.44222119450569153
kitchen appliance,/m/0h99cwc,118.1,118.3,0.519080400466919,0.08090099692344666,0.1748257726430893,0.3990990221500397,0.759016752243042
tableware,/m/04brg2,120.1,120.4,0.5058785676956177,0.5808931589126587,0.36700212955474854,0.8886197209358215,0.6637122631072998
kitchen appliance,/m/0h99cwc,121.0,121.5,0.5142584443092346,0.08090099692344666,0.1706068068742752,0.4029223918914795,0.7610260248184204
food,/m/02wbm,121.0,123.5,0.558059573173523,0.46024763584136963,0.22347623109817505,0.6173822283744812,0.4427716135978699
tableware,/m/04brg2,122.7,124.9,0.5113644599914551,0.7209644317626953,0.37539947032928467,0.8859158158302307,0.6522959470748901
tableware,/m/04brg2,122.7,124.9,0.5113644599914551,0.6006265878677368,0.36807340383529663,0.8889404535293579,0.6607310175895691
kitchen appliance,/m/0h99cwc,124.0,124.9,0.5408501029014587,0.08090099692344666,0.17084699869155884,0.3990990221500397,0.7581980228424072
food,/m/02wbm,124.6,128.6,0.529495894908905,0.45121893286705017,0.22340530157089233,0.6191364526748657,0.4437747299671173
tableware,/m/04brg2,126.7,127.9,0.5212675333023071,0.7246605753898621,0.37692469358444214,0.8870241045951843,0.6539271473884583
tableware,/m/04brg2,126.7,127.9,0.5212675333023071,0.6199637651443481,0.36661601066589355,0.9070442914962769,0.6617512702941895
kitchen appliance,/m/0h99cwc,127.1,127.3,0.5455857515335083,0.08090099692344666,0.1686653196811676,0.4009716212749481,0.7584068775177002
person,/m/01g317,129.6,129.9,0.8265502452850342,0.16185207664966583,0.0,0.3901135325431824,0.10823410004377365
food,/m/02wbm,130.4,130.6,0.556298553943634,0.44633856415748596,0.22207766771316528,0.6184641718864441,0.44792425632476807
person,/m/01g317,130.8,130.8,0.9154745936393738,0.18513113260269165,0.0,0.6353739500045776,0.11134015023708344
kitchen appliance,/m/0h99cwc,130.8,131.8,0.5591275095939636,0.08090099692344666,0.17107900977134705,0.403003066778183,0.7581980228424072
person,/m/01g317,131.2,131.2,0.863675057888031,0.15865558385849,0.002171039581298828,0.642663300037384,0.10603868216276169
tableware,/m/04brg2,131.3,131.9,0.5056803822517395,0.7228765487670898,0.37369874119758606,0.8840356469154358,0.6531475186347961
person,/m/01g317,132.8,132.8,0.7779327630996704,0.22948594391345978,0.005261883605271578,0.636794924736023,0.10600516945123672
kitchen appliance,/m/0h99cwc,132.9,134.9,0.555547833442688,0.08090099692344666,0.1794186532497406,0.4015555679798126,0.7639988660812378
egg,/m/033cnk,133.0,133.6,0.5686964392662048,0.571264922618866,0.3685350716114044,0.7369527816772461,0.6537585854530334
food,/m/02wbm,133.0,133.4,0.5534906983375549,0.4456838071346283,0.22120003402233124,0.619698166847229,0.44982701539993286
person,/m/01g317,134.4,135.1,0.9097240567207336,0.7666571736335754,0.003074707929044962,1.0,0.11688683927059174
person,/m/01g317,135.6,135.6,0.8001235127449036,0.187362402677536,0.0,0.6099369525909424,0.10783408582210541
egg,/m/033cnk,136.0,136.6,0.5230603814125061,0.5697727799415588,0.3647134006023407,0.7361670136451721,0.6506396532058716
food,/m/02wbm,136.1,136.4,0.5331050157546997,0.4436274766921997,0.22308140993118286,0.6209933161735535,0.4497652053833008
kitchen appliance,/m/0h99cwc,136.7,142.9,0.5858297348022461,0.08090099692344666,0.17256493866443634,0.4050210118293762,0.7581980228424072
tableware,/m/04brg2,136.7,137.9,0.5217634439468384,0.6042971014976501,0.3662475347518921,0.8948307633399963,0.6618446707725525
person,/m/01g317,136.8,136.8,0.8009909987449646,0.22902221977710724,0.0,0.6167563199996948,0.10504966229200363
egg,/m/033cnk,138.2,138.2,0.5149046182632446,0.5728393197059631,0.36743247509002686,0.7366287708282471,0.6527261734008789
food,/m/02wbm,138.7,138.9,0.5073487758636475,0.4507337212562561,0.2233506143093109,0.6166131496429443,0.4449883699417114
person,/m/01g317,138.8,138.8,0.8830764293670654,0.20535969734191895,0.0,0.6084146499633789,0.10506856441497803
food,/m/02wbm,140.0,140.9,0.5689853429794312,0.44615280628204346,0.22356437146663666,0.6163817644119263,0.447515606880188
person,/m/01g317,140.4,140.4,0.8127710819244385,0.1854727417230606,0.0014559888513758779,0.611787736415863,0.1049513965845108
tableware,/m/04brg2,142.4,142.7,0.5037304162979126,0.41692590713500977,0.2044493556022644,0.64000004529953,0.4612855613231659
person,/m/01g317,142.8,142.8,0.8570114374160767,0.19264085590839386,0.0,0.6067456603050232,0.10735250264406204
food,/m/02wbm,143.0,143.9,0.553395688533783,0.44799086451530457,0.22393161058425903,0.6190134882926941,0.4470357894897461
person,/m/01g317,143.2,143.2,0.8281545639038086,0.20653949677944183,0.0018005656311288476,0.6061143279075623,0.10237210243940353
kitchen appliance,/m/0h99cwc,143.9,144.9,0.584896981716156,0.08090099692344666,0.17489221692085266,0.40264424681663513,0.7581980228424072
egg,/m/033cnk,143.9,143.9,0.5088934302330017,0.5703182220458984,0.3655468225479126,0.7367846369743347,0.6513306498527527
person,/m/01g317,144.0,144.0,0.8447137475013733,0.18432240188121796,0.0007320880540646613,0.6069038510322571,0.10423728078603745
egg,/m/033cnk,145.0,145.6,0.5904449820518494,0.5736643075942993,0.3692876696586609,0.7384534478187561,0.6555011868476868
food,/m/02wbm,145.0,145.9,0.5691197514533997,0.446931391954422,0.22304831445217133,0.6180710792541504,0.4485339820384979
person,/m/01g317,145.2,145.2,0.7739886045455933,0.1797655075788498,0.0018699358915910125,0.6169637441635132,0.10431808978319168
kitchen appliance,/m/0h99cwc,146.0,147.9,0.5448233485221863,0.08090099692344666,0.17308247089385986,0.40272417664527893,0.7602882385253906
person,/m/01g317,146.4,146.4,0.8469967842102051,0.18539726734161377,0.0,0.6135950088500977,0.10584291815757751
food,/m/02wbm,147.0,149.9,0.5568569302558899,0.447521448135376,0.22362202405929565,0.618689239025116,0.4448380172252655
tableware,/m/04brg2,147.0,147.9,0.514406681060791,0.7202454805374146,0.3731006383895874,0.8852983117103577,0.6514933109283447
person,/m/01g317,147.2,147.2,0.8925994038581848,0.22172501683235168,0.0012874603271484375,0.6211116909980774,0.10311411321163177
egg,/m/033cnk,148.0,148.2,0.5232086181640625,0.5724909901618958,0.3695312738418579,0.7382737398147583,0.6543211936950684
person,/m/01g317,148.4,148.4,0.8231605887413025,0.20321448147296906,0.0006949424860067666,0.6139432191848755,0.10606229305267334
kitchen appliance,/m/0h99cwc,149.0,149.0,0.6201688647270203,0.08090099692344666,0.17455357313156128,0.3990990221500397,0.7617635130882263
egg,/m/033cnk,149.7,149.9,0.535628616809845,0.5725955963134766,0.36895695328712463,0.7375808358192444,0.6545214653015137
person,/m/01g317,150.0,150.0,0.8315616250038147,0.197292298078537,0.0,0.6101478338241577,0.10727041214704514
kitchen appliance,/m/0h99cwc,150.0,151.7,0.5512977242469788,0.08090099692344666,0.1765177696943283,0.3990990221500397,0.7624372243881226
person,/m/01g317,150.4,150.4,0.7706099152565002,0.19570142030715942,0.00029981136322021484,0.6089729070663452,0.10706214606761932
food,/m/02wbm,152.0,155.2,0.5523484349250793,0.44596579670906067,0.2244895100593567,0.6191110610961914,0.44883668422698975
egg,/m/033cnk,152.0,152.9,0.6052975058555603,0.5739290714263916,0.372254878282547,0.7368516325950623,0.6522504687309265
kitchen appliance,/m/0h99cwc,153.0,153.9,0.6357800960540771,0.08090099692344666,0.17336201667785645,0.4024052619934082,0.7625144720077515
person,/m/01g317,153.2,153.2,0.7507572174072266,0.23239868879318237,0.003756627906113863,0.5982865691184998,0.10569310933351517
kitchen appliance,/m/0h99cwc,155.0,156.5,0.5566058158874512,0.08090099692344666,0.1780083328485489,0.3990990221500397,0.7581980228424072
person,/m/01g317,155.2,155.2,0.8513824939727783,0.18857474625110626,0.0,0.6100983023643494,0.10512220114469528
kitchen appliance,/m/0h99cwc,158.1,158.9,0.5922435522079468,0.08090099692344666,0.17677751183509827,0.40317317843437195,0.7605710029602051
food,/m/02wbm,158.1,160.4,0.5280237197875977,0.4466760456562042,0.2232983559370041,0.6199399828910828,0.44674503803253174
person,/m/01g317,158.4,158.4,0.7623594999313354,0.1889406442642212,0.0008987712790258229,0.6038520336151123,0.10588794201612473
kitchen appliance,/m/0h99cwc,160.0,163.1,0.5722160339355469,0.08090099692344666,0.17889490723609924,0.4025871157646179,0.7603588104248047
person,/m/01g317,160.4,160.4,0.8059250116348267,0.22927546501159668,0.004919948522001505,0.6082360744476318,0.10347054153680801
egg,/m/033cnk,161.3,161.3,0.5060439705848694,0.5697476863861084,0.36662018299102783,0.7355712652206421,0.6506332159042358
food,/m/02wbm,161.3,163.9,0.5188935399055481,0.4531685411930084,0.22452066838741302,0.6159214973449707,0.4458972215652466
person,/m/01g317,161.6,161.6,0.8620622754096985,0.1875482052564621,0.0,0.6044063568115234,0.10658521205186844
kitchen appliance,/m/0h99cwc,164.1,164.9,0.535812497138977,0.08090099692344666,0.17429007589817047,0.4053078293800354,0.7619133591651917
person,/m/01g317,164.4,164.4,0.8128300905227661,0.20495502650737762,0.002200484275817871,0.5999290347099304,0.10275310277938843
kitchen appliance,/m/0h99cwc,166.0,167.9,0.6010302305221558,0.08090099692344666,0.17617911100387573,0.4041363596916199,0.7600550055503845
person,/m/01g317,166.8,166.8,0.807952344417572,0.2003328949213028,0.0009680890943855047,0.6010571122169495,0.1025286614894867
tableware,/m/04brg2,167.0,167.6,0.5043998956680298,0.718292772769928,0.37041619420051575,0.8878058195114136,0.6541473865509033
food,/m/02wbm,167.1,168.7,0.5173808932304382,0.45332252979278564,0.2226914018392563,0.6162247061729431,0.44328558444976807
person,/m/01g317,167.6,167.6,0.7745504379272461,0.2027207463979721,0.0,0.5984340906143188,0.10456596314907074
kitchen appliance,/m/0h99cwc,168.9,171.9,0.5780186653137207,0.08090099692344666,0.17617188394069672,0.40357500314712524,0.7637776732444763
person,/m/01g317,169.2,170.0,0.7993524074554443,0.32864052057266235,0.0005318879848346114,0.6066239476203918,0.09709928184747696
tableware,/m/04brg2,169.7,169.7,0.5054008960723877,0.4124140739440918,0.20640820264816284,0.641162633895874,0.45980989933013916
person,/m/01g317,170.0,170.2,0.7786689400672913,0.22507146000862122,0.0037108086980879307,0.6183949708938599,0.10824722051620483
food,/m/02wbm,170.0,178.2,0.5265843868255615,0.44702330231666565,0.22383712232112885,0.6186540126800537,0.44696930050849915
person,/m/01g317,171.6,171.9,0.8350222706794739,0.38022419810295105,0.0015099048614501953,0.596720814704895,0.09262847900390625
egg,/m/033cnk,172.0,172.0,0.5398412942886353,0.5710453391075134,0.36802875995635986,0.7368892431259155,0.6545431613922119
food,/m/02wbm,172.1,172.6,0.5092555284500122,0.5705062747001648,0.36696290969848633,0.7364776134490967,0.6526448726654053
person,/m/01g317,172.6,172.7,0.8380094170570374,0.17065531015396118,0.003397461026906967,0.7216199636459351,0.21977248787879944
egg,/m/033cnk,173.1,173.1,0.5084273219108582,0.5742043256759644,0.37493661046028137,0.7365726828575134,0.6541453003883362
food,/m/02wbm,173.7,173.9,0.5148887634277344,0.574809193611145,0.3733506500720978,0.7371019124984741,0.6538235545158386
person,/m/01g317,174.8,175.1,0.7694531083106995,0.18538230657577515,0.0,0.3015364706516266,0.21855171024799347
kitchen appliance,/m/0h99cwc,174.9,176.6,0.5302972793579102,0.08090099692344666,0.1866023987531662,0.39977049827575684,0.7656391263008118
tableware,/m/04brg2,179.7,180.7,0.5142415761947632,0.418393611907959,0.20647650957107544,0.6401773691177368,0.4566492736339569
kitchen appliance,/m/0h99cwc,180.0,180.1,0.5097227096557617,0.08090099692344666,0.16746734082698822,0.40214037895202637,0.7581980228424072
tableware,/m/04brg2,180.5,180.5,0.5084697604179382,0.7207964658737183,0.3714539706707001,0.884971022605896,0.6529712677001953
food,/m/02wbm,180.8,186.6,0.5353952050209045,0.4553399085998535,0.2252247929573059,0.6178581118583679,0.44534823298454285
kitchen appliance,/m/0h99cwc,181.0,181.9,0.5468634963035583,0.08090099692344666,0.1653958559036255,0.40729057788848877,0.7610563635826111
person,/m/01g317,182.0,182.4,0.8062530159950256,0.17543010413646698,0.0,0.4023955762386322,0.11516131460666656
egg,/m/033cnk,182.0,182.8,0.5472787618637085,0.5732813477516174,0.3726572096347809,0.7394222617149353,0.6541324257850647
person,/m/01g317,182.8,184.7,0.8612409830093384,0.16642864048480988,0.0,0.6256990432739258,0.16302840411663055
kitchen appliance,/m/0h99cwc,184.1,184.2,0.6303461790084839,0.08090099692344666,0.1700899451971054,0.3990990221500397,0.7658693790435791
egg,/m/033cnk,186.0,186.4,0.5577459335327148,0.5740348100662231,0.3734150230884552,0.7386097311973572,0.6531908512115479
kitchen appliance,/m/0h99cwc,186.5,187.5,0.5275243520736694,0.08090099692344666,0.16747942566871643,0.40509232878685,0.75925612449646
person,/m/01g317,186.8,186.8,0.7555959820747375,0.24560190737247467,0.0015020418213680387,0.6419989466667175,0.10344045609235764
food,/m/02wbm,187.6,188.4,0.5102672576904297,0.45258986949920654,0.2247893363237381,0.6171303391456604,0.4464663565158844
person,/m/01g317,188.0,188.0,0.9001550674438477,0.1895805448293686,0.0,0.6459928154945374,0.10916877537965775
kitchen appliance,/m/0h99cwc,189.0,190.9,0.5391992330551147,0.08090099692344666,0.16950860619544983,0.4058951735496521,0.7630733251571655
person,/m/01g317,189.2,189.2,0.9099407196044922,0.18845340609550476,0.0,0.643029510974884,0.1065904051065445
food,/m/02wbm,189.7,192.0,0.5196126699447632,0.4520007371902466,0.2227453738451004,0.6161395907402039,0.4461928606033325
person,/m/01g317,190.0,190.0,0.8581758737564087,0.1878940314054489,0.0023544977884739637,0.6425307989120483,0.10757637023925781
kitchen appliance,/m/0h99cwc,192.0,192.9,0.6272451281547546,0.08090099692344666,0.1746886819601059,0.3996317386627197,0.7635481357574463
food,/m/02wbm,193.0,205.0,0.5561469793319702,0.4458085000514984,0.2201344072818756,0.6233144998550415,0.45246922969818115
person,/m/01g317,193.2,193.5,0.8400270938873291,0.3420761227607727,0.0001882076176116243,0.5812553763389587,0.2326398342847824
egg,/m/033cnk,193.3,193.9,0.5686320066452026,0.5728250741958618,0.37286150455474854,0.7353673577308655,0.6522923111915588
kitchen appliance,/m/0h99cwc,194.0,195.9,0.5847359299659729,0.08090099692344666,0.17379234731197357,0.3994753658771515,0.7638372778892517
person,/m/01g317,195.2,196.3,0.8162602782249451,0.31967106461524963,0.0,0.6086485385894775,0.18923556804656982
person,/m/01g317,195.2,196.3,0.8162602782249451,0.18524445593357086,-0.0006824515294283628,0.4348941445350647,0.13351695239543915
egg,/m/033cnk,196.0,196.7,0.5388981103897095,0.5744113922119141,0.3716287910938263,0.7383753061294556,0.6553605198860168
food,/m/02wbm,196.5,196.5,0.5010471343994141,0.5745806097984314,0.372390478849411,0.7392900586128235,0.6558717489242554
person,/m/01g317,197.2,206.0,0.8583021759986877,0.2119712233543396,0.0,0.6282828450202942,0.20130881667137146
egg,/m/033cnk,198.8,199.7,0.5749391913414001,0.5739685893058777,0.3701917827129364,0.7406070828437805,0.6555021405220032
kitchen appliance,/m/0h99cwc,199.2,199.2,0.5614510774612427,0.08090099692344666,0.1732955276966095,0.3990990221500397,0.7616050243377686
food,/m/02wbm,201.3,201.5,0.5127204656600952,0.574463963508606,0.37526705861091614,0.7381741404533386,0.6543504595756531
kitchen appliance,/m/0h99cwc,202.0,204.7,0.5360247492790222,0.08090099692344666,0.17307420074939728,0.40548908710479736,0.7701830267906189
person,/m/01g317,204.4,204.7,0.7767947316169739,0.16155943274497986,0.00047036170144565403,0.24312469363212585,0.11266456544399261
kitchen appliance,/m/0h99cwc,205.7,210.9,0.5912630558013916,0.08090099692344666,0.170913428068161,0.4016936123371124,0.7666604518890381
food,/m/02wbm,206.0,206.0,0.5154194235801697,0.45655012130737305,0.22594016790390015,0.6214630007743835,0.44756174087524414
person,/m/01g317,206.8,206.8,0.8259825706481934,0.2601730227470398,0.0011429786682128906,0.6504250168800354,0.10089228302240372
food,/m/02wbm,207.0,216.9,0.5327862501144409,0.45214182138442993,0.22459225356578827,0.6219645738601685,0.4509894549846649
person,/m/01g317,207.6,207.6,0.9105398654937744,0.2501063942909241,0.0,0.6467277407646179,0.10262101143598557
tableware,/m/04brg2,208.6,208.7,0.5067821741104126,0.7212265729904175,0.3705696165561676,0.8854014873504639,0.6552737951278687
person,/m/01g317,209.2,209.2,0.802126944065094,0.24719053506851196,0.0011114072985947132,0.6430956125259399,0.10284200310707092
kitchen appliance,/m/0h99cwc,212.0,212.9,0.5343940258026123,0.08090099692344666,0.17432861030101776,0.4023737907409668,0.7657366394996643
person,/m/01g317,212.8,212.8,0.7505865693092346,0.23778752982616425,0.001649236655794084,0.6369038820266724,0.10132922977209091
kitchen appliance,/m/0h99cwc,214.0,214.0,0.5217798352241516,0.08090099692344666,0.17209547758102417,0.3996173143386841,0.7630846500396729
tableware,/m/04brg2,214.0,214.6,0.5071659088134766,0.6085069179534912,0.372124582529068,0.8913632035255432,0.6609611511230469
kitchen appliance,/m/0h99cwc,215.0,218.3,0.5623827576637268,0.08090099692344666,0.16861259937286377,0.4015013575553894,0.7652127742767334
person,/m/01g317,215.2,215.2,0.8501083850860596,0.1851746141910553,0.0009129667305387557,0.6268251538276672,0.10576000064611435
food,/m/02wbm,217.9,245.8,0.5257053971290588,0.4591333568096161,0.2262231707572937,0.6186671853065491,0.4473079741001129
person,/m/01g317,218.8,218.8,0.830206573009491,0.1722036749124527,0.0017589282942935824,0.6419906616210938,0.10618170350790024
kitchen appliance,/m/0h99cwc,219.6,222.5,0.5764468312263489,0.08090099692344666,0.17225201427936554,0.40098199248313904,0.7630424499511719
person,/m/01g317,220.0,220.0,0.8858177065849304,0.1837233453989029,0.002858448075130582,0.6252356767654419,0.1043015569448471
kitchen appliance,/m/0h99cwc,224.1,241.7,0.5540732741355896,0.08090099692344666,0.17494699358940125,0.40224653482437134,0.7727451324462891
person,/m/01g317,224.4,224.4,0.9608681797981262,0.18728241324424744,6.428718188544735e-05,0.6245945692062378,0.106219582259655
egg,/m/033cnk,227.0,227.4,0.550140917301178,0.5734626650810242,0.3714415729045868,0.7377873063087463,0.654941737651825
person,/m/01g317,227.2,227.2,0.9242807030677795,0.18245185911655426,0.0011131477076560259,0.6208825707435608,0.10697539895772934
table,/m/04bcr3,230.0,237.3,0.6807340979576111,0.010064084082841873,0.11000001430511475,0.992691159248352,0.9760468006134033
person,/m/01g317,230.4,230.4,0.9254186153411865,0.1810940057039261,0.0012882757000625134,0.6239992380142212,0.1060265526175499
tableware,/m/04brg2,230.6,230.7,0.5037117600440979,0.7193247079849243,0.37124329805374146,0.8856279253959656,0.6539013385772705
person,/m/01g317,230.8,230.8,0.8121417164802551,0.18408244848251343,0.00277817714959383,0.6437492370605469,0.10561538487672806
tableware,/m/04brg2,236.0,236.3,0.5141006708145142,0.7186319231987,0.37067368626594543,0.8884202241897583,0.6566876769065857
person,/m/01g317,236.4,236.4,0.8786938190460205,0.16013525426387787,0.0011177539126947522,0.6303020119667053,0.10942092537879944
table,/m/04bcr3,238.4,328.833333,0.7075878977775574,0.009042561054229736,0.11000001430511475,0.9933701753616333,0.9788213968276978
person,/m/01g317,238.8,238.8,0.9391319155693054,0.1707768738269806,0.0,0.624057948589325,0.10870485007762909
tableware,/m/04brg2,240.0,240.8,0.5066681504249573,0.6143165826797485,0.36935779452323914,0.8935114741325378,0.663712203502655
person,/m/01g317,240.4,240.4,0.9403291940689087,0.17712955176830292,0.0,0.6154347062110901,0.10880647599697113
tableware,/m/04brg2,242.2,242.4,0.5190460085868835,0.019833356142044067,0.16498912870883942,0.2965989410877228,0.5741714239120483
toy,/m/0138tl,242.3,242.3,0.5168999433517456,0.7141473293304443,0.36902952194213867,0.8882771730422974,0.6604875326156616
person,/m/01g317,242.4,242.4,0.7526518106460571,0.1823883205652237,0.003018016694113612,0.6082857847213745,0.10879470407962799
kitchen appliance,/m/0h99cwc,243.0,243.9,0.620585024356842,0.08090099692344666,0.17882536351680756,0.3990990221500397,0.7684745192527771
egg,/m/033cnk,243.1,243.5,0.5241094827651978,0.5658363103866577,0.3624148666858673,0.7307275533676147,0.6542807817459106
person,/m/01g317,243.2,243.2,0.8063254952430725,0.13659915328025818,0.0022730017080903053,0.6259849071502686,0.11054109036922455
tableware,/m/04brg2,244.9,244.9,0.5018205642700195,0.7149054408073425,0.3670858144760132,0.881576418876648,0.655103862285614
person,/m/01g317,245.2,245.2,0.7790974974632263,0.18942466378211975,0.003235034877434373,0.6063866019248962,0.1060848981142044
kitchen appliance,/m/0h99cwc,245.6,249.6,0.5325705409049988,0.08090099692344666,0.17794843018054962,0.3990990221500397,0.7750272750854492
person,/m/01g317,246.0,246.0,0.8748170733451843,0.1722126007080078,0.002635788870975375,0.6210548877716064,0.1056702584028244
food,/m/02wbm,246.8,246.9,0.5043604969978333,0.4538680911064148,0.22592468559741974,0.619172990322113,0.4498109519481659
person,/m/01g317,247.2,247.2,0.8277512192726135,0.15433815121650696,0.0,0.629492998123169,0.10745549947023392
food,/m/02wbm,248.5,249.9,0.5459276437759399,0.44732049107551575,0.22582460939884186,0.6186915636062622,0.44889357686042786
person,/m/01g317,248.8,248.8,0.920234739780426,0.1766020506620407,0.0005808639107272029,0.6003158688545227,0.1115548387169838
kitchen appliance,/m/0h99cwc,251.1,251.6,0.512336015701294,0.08090099692344666,0.17809830605983734,0.4007347822189331,0.7726805210113525
person,/m/01g317,251.2,251.2,0.9141493439674377,0.16945099830627441,0.0,0.6106523275375366,0.11038194596767426
food,/m/02wbm,252.0,252.9,0.5058853626251221,0.4547858238220215,0.2298743575811386,0.6147294640541077,0.44857102632522583
person,/m/01g317,252.4,252.4,0.8806527853012085,0.16678670048713684,0.0031850766390562057,0.60613614320755,0.10910999029874802
kitchen appliance,/m/0h99cwc,252.8,252.8,0.5326952934265137,0.08090099692344666,0.18012212216854095,0.3990990221500397,0.7686281800270081
person,/m/01g317,253.2,253.2,0.9171233177185059,0.17092618346214294,0.00033736706245690584,0.6174097061157227,0.10977771878242493
kitchen appliance,/m/0h99cwc,254.0,260.4,0.5485002398490906,0.08090099692344666,0.17882804572582245,0.3990990221500397,0.767500638961792
person,/m/01g317,254.4,254.4,0.9480273723602295,0.16208773851394653,0.001868615159764886,0.6166932582855225,0.11198831349611282
egg,/m/033cnk,254.4,254.4,0.5034626126289368,0.5681801438331604,0.3728218376636505,0.728920042514801,0.6534826159477234
person,/m/01g317,254.8,254.8,0.7679659724235535,0.17352397739887238,0.002108345041051507,0.6228923201560974,0.11166451871395111
food,/m/02wbm,255.0,255.5,0.5183771848678589,0.4457833766937256,0.22795790433883667,0.6186597943305969,0.44782379269599915
person,/m/01g317,255.2,255.2,0.8619239926338196,0.17510315775871277,0.005029921419918537,0.6248213052749634,0.10785852372646332
food,/m/02wbm,256.9,260.3,0.5564489364624023,0.445372074842453,0.2245466709136963,0.6211404800415039,0.4496745765209198
person,/m/01g317,257.2,258.3,0.9094269275665283,0.15542323887348175,0.0,0.39487817883491516,0.11128948628902435
tableware,/m/04brg2,258.1,258.1,0.5051005482673645,0.7151550650596619,0.3721701502799988,0.8833142518997192,0.6534026861190796
person,/m/01g317,258.4,258.4,0.8301936984062195,0.17159435153007507,0.0,0.7291785478591919,0.15956416726112366
baked goods,/m/052lwg6,258.5,258.9,0.5219771265983582,0.4471382200717926,0.22658585011959076,0.6183356046676636,0.4559277594089508
person,/m/01g317,258.8,259.1,0.900486409664154,0.3689611554145813,0.0009995794389396906,0.6450687050819397,0.13155558705329895
food processor,/m/03y6mg,260.7,260.7,0.6555649042129517,0.008130181580781937,0.015735898166894913,0.38534611463546753,0.8642640709877014
tableware,/m/04brg2,261.0,261.5,0.5055457353591919,0.717212438583374,0.37342920899391174,0.8839588761329651,0.6553712487220764
kitchen appliance,/m/0h99cwc,261.5,266.0,0.5919321775436401,0.08090099692344666,0.1218019425868988,0.3990990221500397,0.7685940265655518
food,/m/02wbm,262.0,262.0,0.5193964242935181,0.4475398063659668,0.22527700662612915,0.6173888444900513,0.45230624079704285
tableware,/m/04brg2,264.2,264.2,0.5296846032142639,0.71760094165802,0.37181463837623596,0.8842276334762573,0.656906008720398
drink,/m/0271t,265.0,265.0,0.5285592079162598,0.01837051846086979,0.17041313648223877,0.29718470573425293,0.5773035287857056
person,/m/01g317,266.4,269.9,0.8549274802207947,0.40143999457359314,0.0,0.6160976886749268,0.15965363383293152
person,/m/01g317,266.8,269.1,0.8106347918510437,0.19131825864315033,0.0,0.6016676425933838,0.16217990219593048
food,/m/02wbm,267.0,268.9,0.5654471516609192,0.4437240660190582,0.22262100875377655,0.6203530430793762,0.45155733823776245
kitchen appliance,/m/0h99cwc,267.0,267.0,0.5443455576896667,0.08090099692344666,0.16967210173606873,0.3990990221500397,0.7717561721801758
tableware,/m/04brg2,267.7,267.9,0.5109162330627441,0.7201571464538574,0.3738173246383667,0.8827508091926575,0.6532597541809082
kitchen appliance,/m/0h99cwc,268.0,268.9,0.5271458625793457,0.08090099692344666,0.17345312237739563,0.3990990221500397,0.7714065313339233
person,/m/01g317,270.0,270.3,0.7921034097671509,0.1308719664812088,0.0,0.6282526850700378,0.18244630098342896
kitchen appliance,/m/0h99cwc,270.1,270.1,0.5146932601928711,0.08090099692344666,0.17483682930469513,0.3990990221500397,0.7687521576881409
food,/m/02wbm,270.2,270.6,0.5257976055145264,0.449971079826355,0.2251572608947754,0.6189496517181396,0.4503107964992523
person,/m/01g317,271.2,272.7,0.849781334400177,0.13695956766605377,0.0014236164279282093,0.6288632154464722,0.1677200347185135
food,/m/02wbm,272.0,274.8,0.5400438904762268,0.4479711353778839,0.22492431104183197,0.6195906400680542,0.45130765438079834
kitchen appliance,/m/0h99cwc,273.2,273.2,0.5109099745750427,0.08090099692344666,0.1775541454553604,0.3990990221500397,0.7712814211845398
person,/m/01g317,273.6,273.6,0.9093226790428162,0.15016622841358185,0.0007045602542348206,0.6299353837966919,0.12772949039936066
food,/m/02wbm,276.8,277.0,0.5103408098220825,0.03368426114320755,0.2209796905517578,0.28708237409591675,0.5402722358703613
kitchen appliance,/m/0h99cwc,277.0,277.6,0.5435183644294739,0.08090099692344666,0.17750543355941772,0.40077367424964905,0.774845540523529
food,/m/02wbm,277.1,279.8,0.5132635831832886,0.45753225684165955,0.22838300466537476,0.6158655285835266,0.451183021068573
food,/m/02wbm,277.8,278.0,0.5082995891571045,0.03301464766263962,0.2207513451576233,0.28789663314819336,0.5411849617958069
person,/m/01g317,279.0,279.0,0.8011190295219421,0.09522876143455505,0.0,0.6539945602416992,0.18390928208827972
kitchen appliance,/m/0h99cwc,279.0,279.9,0.5197432637214661,0.08090099692344666,0.18054504692554474,0.3990990221500397,0.7717862725257874
food,/m/02wbm,281.1,299.3,0.5518397688865662,0.45624426007270813,0.2251390814781189,0.6159253716468811,0.4501790702342987
person,/m/01g317,281.8,287.5,0.8579636812210083,0.08260112255811691,0.003397461026906967,0.6614511609077454,0.21913105249404907
kitchen appliance,/m/0h99cwc,282.0,282.0,0.5697201490402222,0.08090099692344666,0.16640262305736542,0.3993597626686096,0.7678550481796265
food,/m/02wbm,282.3,282.3,0.5306536555290222,0.034378912299871445,0.22031861543655396,0.2858862578868866,0.535331130027771
kitchen appliance,/m/0h99cwc,283.0,284.3,0.5435338616371155,0.08090099692344666,0.17132660746574402,0.3990990221500397,0.7721538543701172
person,/m/01g317,283.6,283.9,0.858268141746521,0.351932168006897,0.0027900408022105694,0.6256532669067383,0.23861956596374512
drink,/m/0271t,284.0,284.3,0.5684562921524048,0.01936565898358822,0.16907349228858948,0.30180323123931885,0.5777921080589294
kitchen appliance,/m/0h99cwc,286.6,286.6,0.5170606970787048,0.08090099692344666,0.1733829379081726,0.3990990221500397,0.7713214755058289
food,/m/02wbm,287.1,287.5,0.5209524035453796,0.029526228085160255,0.21380497515201569,0.2876913845539093,0.5399385690689087
person,/m/01g317,288.8,292.3,0.8069765567779541,0.3575029969215393,0.0,0.6165944933891296,0.2703951299190521
person,/m/01g317,288.8,292.3,0.8069765567779541,0.2271108478307724,0.009580530226230621,0.6458719372749329,0.23348504304885864
kitchen appliance,/m/0h99cwc,290.3,290.5,0.5572654008865356,0.08090099692344666,0.17784780263900757,0.3990990221500397,0.7692781090736389
person,/m/01g317,293.6,293.9,0.7867612838745117,0.37017154693603516,0.003961963579058647,0.6047475337982178,0.2662615478038788
person,/m/01g317,294.8,295.1,0.754095733165741,0.20140376687049866,0.0013217830564826727,0.5973498225212097,0.2374652475118637
person,/m/01g317,297.0,298.3,0.8039160370826721,0.08970784395933151,0.003785385051742196,0.6848760843276978,0.24598179757595062
food,/m/02wbm,297.8,297.8,0.5004419684410095,0.02702631615102291,0.21376413106918335,0.28306666016578674,0.5275064706802368
person,/m/01g317,298.4,298.7,0.7784231901168823,0.1203371211886406,0.0,0.6177555918693542,0.303192138671875
kitchen appliance,/m/0h99cwc,299.9,299.9,0.5088415741920471,0.08090099692344666,0.16997341811656952,0.3990990221500397,0.7723134756088257
person,/m/01g317,300.0,300.0,0.8175227046012878,0.13284745812416077,0.0030576102435588837,0.6288546919822693,0.14805635809898376
food,/m/02wbm,300.8,300.8,0.5249331593513489,0.03536228463053703,0.2270592600107193,0.27981728315353394,0.5216200947761536
kitchen appliance,/m/0h99cwc,300.9,304.9,0.5778469443321228,0.08090099692344666,0.16685444116592407,0.3990990221500397,0.7689230442047119
food,/m/02wbm,301.5,301.9,0.5314489603042603,0.45651811361312866,0.22802600264549255,0.6151670813560486,0.44907501339912415
person,/m/01g317,301.6,301.6,0.828629732131958,0.1322558969259262,0.00022365525364875793,0.625903844833374,0.13429200649261475
food,/m/02wbm,304.9,315.5,0.5670905113220215,0.4576519727706909,0.22628961503505707,0.6166642904281616,0.4489525556564331
person,/m/01g317,306.0,313.9,0.7977026104927063,0.3756788671016693,0.004753589630126953,0.5977026224136353,0.2546097934246063
person,/m/01g317,306.0,313.9,0.7977026104927063,0.26528123021125793,0.0011632881360128522,0.6011208295822144,0.24557366967201233
kitchen appliance,/m/0h99cwc,306.9,309.7,0.5902827382087708,0.08090099692344666,0.17952057719230652,0.3990990221500397,0.768204927444458
tableware,/m/04brg2,309.3,309.3,0.5023316740989685,0.7175505757331848,0.37310731410980225,0.8845180869102478,0.652338445186615
kitchen appliance,/m/0h99cwc,310.9,311.8,0.620331346988678,0.08090099692344666,0.16878004372119904,0.3990990221500397,0.7683678269386292
person,/m/01g317,312.1,314.7,0.8109660744667053,0.12824200093746185,0.0,0.6176307201385498,0.2760239839553833
kitchen appliance,/m/0h99cwc,312.9,312.9,0.6060029864311218,0.08090099692344666,0.16663897037506104,0.39951634407043457,0.7682847380638123
person,/m/01g317,315.833333,316.633333,0.8295410871505737,0.1259000599384308,0.003397461026906967,0.6334295272827148,0.2139989733695984
food,/m/02wbm,316.633333,320.633333,0.5234791040420532,0.4597415030002594,0.22716790437698364,0.6201243996620178,0.44909390807151794
food,/m/02wbm,319.733333,319.733333,0.5033485889434814,0.03302397578954697,0.22388200461864471,0.27643653750419617,0.49944180250167847
egg,/m/033cnk,323.433333,328.833333,0.5648205876350403,0.5704425573348999,0.37726420164108276,0.7323495149612427,0.6527288556098938
food processor,/m/03y6mg,324.533333,324.733333,0.5586177110671997,0.008310668170452118,0.015735898166894913,0.39072489738464355,0.8642640709877014
food,/m/02wbm,324.533333,326.433333,0.5256302952766418,0.13963177800178528,0.004784939810633659,0.31141072511672974,0.2542725205421448
food,/m/02wbm,324.533333,326.433333,0.5256302952766418,0.02120121195912361,0.18178898096084595,0.29249727725982666,0.601864218711853
kitchen appliance,/m/0h99cwc,326.133333,332.533333,0.6192604303359985,0.08090099692344666,0.1256674826145172,0.3990990221500397,0.7653372287750244
food processor,/m/03y6mg,326.633333,326.633333,0.5008974671363831,0.007588237524032593,0.05747121199965477,0.39324498176574707,0.8642640709877014
food,/m/02wbm,329.233333,329.733333,0.5110974311828613,0.017532654106616974,0.16648802161216736,0.2920931577682495,0.5739137530326843
table,/m/04bcr3,329.733333,339.733333,0.647759735584259,0.013599496334791183,0.0821189135313034,0.9912181496620178,0.9717385768890381
person,/m/01g317,329.933333,329.933333,0.8953359723091125,0.7518489956855774,0.0009605097584426403,0.9984729290008545,0.07849150151014328
tableware,/m/04brg2,330.033333,330.033333,0.5038584470748901,0.568248987197876,0.3662775158882141,0.8811956644058228,0.6594719886779785
egg,/m/033cnk,330.133333,330.533333,0.5784592628479004,0.5656547546386719,0.37881824374198914,0.7289077043533325,0.6528294682502747
food,/m/02wbm,331.433333,333.233333,0.515683114528656,0.020280901342630386,0.1677308976650238,0.29032373428344727,0.5772632360458374
person,/m/01g317,333.133333,337.433333,0.8942381143569946,0.11961942166090012,0.003397461026906967,0.6524044871330261,0.2126743644475937
person,/m/01g317,333.133333,337.433333,0.8942381143569946,0.015763863921165466,-0.008775581605732441,0.743543267250061,0.5200684666633606
kitchen appliance,/m/0h99cwc,333.833333,335.233333,0.6429265141487122,0.08090099692344666,0.16402806341648102,0.3990990221500397,0.7660358548164368
food,/m/02wbm,334.233333,341.833333,0.5170609354972839,0.016484349966049194,0.16696509718894958,0.29432758688926697,0.5724745988845825
tableware,/m/04brg2,336.033333,336.033333,0.5169322490692139,0.7224146127700806,0.37017977237701416,0.887356698513031,0.6539736390113831
kitchen appliance,/m/0h99cwc,336.333333,339.933333,0.5847281813621521,0.08090099692344666,0.17864395678043365,0.3990990221500397,0.7731536626815796
person,/m/01g317,336.733333,337.033333,0.816069483757019,0.0034616272896528244,0.0009009726345539093,0.594123125076294,0.2914937436580658
food processor,/m/03y6mg,336.933333,337.133333,0.5747882723808289,0.007636193186044693,0.0494597926735878,0.39340031147003174,0.8642640709877014
person,/m/01g317,337.933333,341.433333,0.8501890301704407,0.0,0.015424451790750027,0.6925147771835327,0.3048494756221771
toy,/m/0138tl,338.733333,338.733333,0.5205313563346863,0.5749406814575195,0.36906135082244873,0.8860556483268738,0.6616966724395752
person,/m/01g317,339.933333,340.633333,0.79837965965271,0.43004944920539856,0.0,0.6697295308113098,0.163080632686615
person,/m/01g317,339.933333,340.633333,0.79837965965271,0.2998087406158447,0.0007191885379143059,0.6849895119667053,0.13942836225032806
egg,/m/033cnk,340.733333,340.733333,0.5303422212600708,0.5668599009513855,0.3824070692062378,0.7314228415489197,0.6574873328208923
kitchen appliance,/m/0h99cwc,340.833333,351.133333,0.566507875919342,0.08090099692344666,0.1810416579246521,0.3990990221500397,0.7685191631317139
table,/m/04bcr3,340.933333,358.633333,0.6134852766990662,0.007364846765995026,0.09896950423717499,0.9948126673698425,0.9743690490722656
tableware,/m/04brg2,341.433333,341.733333,0.5165221095085144,0.5653296709060669,0.3718724548816681,0.8805039525032043,0.6622675061225891
egg,/m/033cnk,342.133333,345.733333,0.5513476729393005,0.5667060017585754,0.3787418305873871,0.7327757477760315,0.6550197601318359
person,/m/01g317,342.333333,342.633333,0.7882071137428284,0.5092768669128418,0.0029497528448700905,0.6490200757980347,0.18523381650447845
food,/m/02wbm,342.833333,349.233333,0.5215261578559875,0.017771948128938675,0.1681968718767166,0.29679492115974426,0.5697279572486877
person,/m/01g317,345.133333,345.133333,0.8013515472412109,0.7655424475669861,0.003903171978890896,0.9911478757858276,0.0726669505238533
tableware,/m/04brg2,345.233333,345.233333,0.5018566250801086,0.5719600319862366,0.3693285882472992,0.8804993033409119,0.6627055406570435
person,/m/01g317,345.933333,346.233333,0.8314814567565918,0.5353600382804871,0.0,0.6763537526130676,0.14240798354148865
egg,/m/033cnk,347.733333,347.733333,0.501692533493042,0.5668452978134155,0.3784509003162384,0.7325484156608582,0.653806209564209
food,/m/02wbm,351.333333,361.233333,0.5148627161979675,0.017866015434265137,0.1714021861553192,0.2906295657157898,0.5675633549690247
person,/m/01g317,351.933333,351.933333,0.8069928884506226,0.06928461790084839,0.0,0.6949626803398132,0.1434582769870758
kitchen appliance,/m/0h99cwc,352.533333,358.633333,0.6135395765304565,0.08090099692344666,0.17062139511108398,0.3990990221500397,0.7710978984832764
person,/m/01g317,354.733333,355.833333,0.8795362710952759,0.4056173861026764,0.0,0.6848424673080444,0.12597008049488068
person,/m/01g317,358.733333,359.033333,0.7911384105682373,0.025361837819218636,0.01228355336934328,0.6451098918914795,0.22898167371749878
food,/m/02wbm,359.033333,359.733333,0.512544572353363,0.7185285687446594,0.37024107575416565,0.8857696652412415,0.6502889394760132
food,/m/02wbm,359.033333,359.733333,0.512544572353363,0.6042954325675964,0.3688531816005707,0.9111102819442749,0.6600934267044067
table,/m/04bcr3,359.533333,363.133333,0.6343798637390137,0.006934150587767363,0.08221259713172913,0.9945672154426575,0.9664037227630615
kitchen appliance,/m/0h99cwc,360.333333,371.233333,0.5865351557731628,0.08090099692344666,0.17084215581417084,0.3990990221500397,0.7742164134979248
person,/m/01g317,362.533333,362.533333,0.8434916138648987,0.0523296557366848,0.00028872862458229065,0.6225770115852356,0.1444728970527649
egg,/m/033cnk,363.933333,363.933333,0.5307051539421082,0.5651069283485413,0.38000088930130005,0.733243465423584,0.6554163694381714
person,/m/01g317,364.333333,364.733333,0.8391604423522949,0.07666076719760895,0.005674381274729967,0.6924561262130737,0.19092106819152832
table,/m/04bcr3,364.533333,367.333333,0.6257706880569458,0.014839675277471542,0.10583324730396271,0.9876787066459656,0.9771215915679932
person,/m/01g317,365.133333,365.133333,0.9182138442993164,0.0629814937710762,0.0012994909193366766,0.6820077896118164,0.15311527252197266
egg,/m/033cnk,365.233333,365.633333,0.5871458053588867,0.5702186822891235,0.3776528537273407,0.7316114902496338,0.652345597743988
food,/m/02wbm,365.533333,365.733333,0.5075666904449463,0.014737139455974102,0.19468416273593903,0.2890711724758148,0.5419577360153198
person,/m/01g317,366.733333,366.733333,0.8928625583648682,0.3489937484264374,0.0,0.6768419742584229,0.09569863229990005
food,/m/02wbm,366.833333,367.033333,0.5360939502716064,0.013417379930615425,0.16798198223114014,0.2940298020839691,0.567918598651886
person,/m/01g317,367.533333,367.533333,0.8306912779808044,0.043796949088573456,0.004768633749336004,0.6580471992492676,0.1585119068622589
food,/m/02wbm,368.033333,368.633333,0.5089782476425171,0.013538834638893604,0.16620410978794098,0.29566311836242676,0.571658194065094
person,/m/01g317,368.733333,368.733333,0.8969664573669434,0.04607373848557472,0.0,0.6938074827194214,0.16175886988639832
table,/m/04bcr3,369.333333,372.333333,0.5880546569824219,0.0131852887570858,0.10549941658973694,0.9900006055831909,0.9778075218200684
food,/m/02wbm,370.033333,370.433333,0.5057409405708313,0.02927262894809246,0.21013762056827545,0.2767691910266876,0.5123136043548584
person,/m/01g317,370.733333,371.233333,0.8503850698471069,0.27246832847595215,0.0018471907824277878,0.6658262014389038,0.14723621308803558
person,/m/01g317,370.733333,371.233333,0.8503850698471069,0.10862105339765549,-0.0019751260988414288,0.6928353905677795,0.16219066083431244
egg,/m/033cnk,371.733333,371.833333,0.5990090370178223,0.5669204592704773,0.3769177198410034,0.7311501502990723,0.6532401442527771
tableware,/m/04brg2,372.033333,372.133333,0.5104851722717285,0.709675669670105,0.0,0.8113699555397034,0.36737486720085144
kitchen appliance,/m/0h99cwc,372.133333,375.533333,0.6626876592636108,0.08090099692344666,0.16771021485328674,0.3990990221500397,0.76413893699646
person,/m/01g317,372.433333,372.533333,0.8569369316101074,0.5587864518165588,0.002950725145637989,0.8221224546432495,0.3033742606639862
handbag,/m/080hkjn,373.033333,373.033333,0.5538561940193176,0.7145918011665344,0.3628826141357422,0.8904308676719666,0.6513310670852661
person,/m/01g317,373.133333,373.233333,0.8528133630752563,0.059520360082387924,0.005501709878444672,0.8368719816207886,0.26836568117141724
table,/m/04bcr3,373.833333,374.333333,0.5760464072227478,0.0,0.11000001430511475,1.0,0.9852638840675354
egg,/m/033cnk,373.933333,374.333333,0.5206061601638794,0.5696895718574524,0.37896764278411865,0.7341063618659973,0.654386579990387
food,/m/02wbm,374.633333,374.733333,0.506915271282196,0.7188407182693481,0.3687920868396759,0.8837321400642395,0.6502509713172913
food processor,/m/03y6mg,374.833333,375.133333,0.5847460031509399,0.0072669233195483685,0.07856069505214691,0.3939637541770935,0.8642640709877014
egg,/m/033cnk,375.233333,375.533333,0.5587425231933594,0.5682195425033569,0.37861764430999756,0.7331619262695312,0.6536216139793396
drink,/m/0271t,375.233333,375.633333,0.5634586811065674,0.017695538699626923,0.16074173152446747,0.29098597168922424,0.5716162919998169
food,/m/02wbm,375.833333,376.033333,0.5087358951568604,0.5644710063934326,0.36973336338996887,0.8842270970344543,0.6592571139335632
food,/m/02wbm,375.833333,376.033333,0.5087358951568604,0.036155980080366135,0.16615347564220428,0.3115539848804474,0.5683193802833557
kitchen appliance,/m/0h99cwc,376.833333,382.633333,0.5737485885620117,0.08090099692344666,0.16551683843135834,0.3990990221500397,0.7749347686767578
egg,/m/033cnk,376.833333,377.633333,0.5599647760391235,0.5694769620895386,0.3778711259365082,0.7306219935417175,0.652363121509552
food,/m/02wbm,377.133333,377.733333,0.5091235041618347,0.7164772152900696,0.37006425857543945,0.8838577270507812,0.6484503149986267
food processor,/m/03y6mg,377.633333,378.333333,0.5589816570281982,0.008291885256767273,0.041317615658044815,0.3943904638290405,0.8642640709877014
table,/m/04bcr3,377.633333,378.233333,0.5484123826026917,0.009972412139177322,0.09118744730949402,0.9943097233772278,0.9730097055435181
drink,/m/0271t,377.833333,377.833333,0.5106092095375061,0.018585344776511192,0.16025736927986145,0.2888031005859375,0.564866840839386
egg,/m/033cnk,378.733333,379.833333,0.5512712597846985,0.5688998699188232,0.3760525584220886,0.7296532988548279,0.6510290503501892
drink,/m/0271t,378.833333,379.033333,0.6106311082839966,0.014475326985120773,0.16672401130199432,0.291341096162796,0.5818079710006714
food processor,/m/03y6mg,379.533333,380.133333,0.5684622526168823,0.005445364862680435,0.050795458257198334,0.38967064023017883,0.8642640709877014
table,/m/04bcr3,379.833333,381.133333,0.6160894632339478,0.01557641476392746,0.09694239497184753,0.9878385663032532,0.9777281284332275
food,/m/02wbm,379.833333,380.733333,0.5057152509689331,0.7184393405914307,0.3675828278064728,0.88523930311203,0.6503860950469971
food,/m/02wbm,380.933333,385.633333,0.5336012244224548,0.0193032119423151,0.17162975668907166,0.2925344407558441,0.5749759674072266
egg,/m/033cnk,381.033333,381.733333,0.5691940784454346,0.5706169009208679,0.37875720858573914,0.7341976761817932,0.6529965996742249
person,/m/01g317,381.233333,381.233333,0.8042093515396118,0.04024779424071312,0.0,0.6422500610351562,0.15626497566699982
drink,/m/0271t,381.633333,381.633333,0.5254383087158203,0.013888511806726456,0.16209003329277039,0.29429253935813904,0.5852530002593994
person,/m/01g317,382.233333,382.233333,0.8164100050926208,0.05507254600524902,0.0010504797101020813,0.5910851955413818,0.14396321773529053
table,/m/04bcr3,382.333333,384.133333,0.6341276168823242,0.007477879524230957,0.10434221476316452,0.9951801896095276,0.9789396524429321
kitchen appliance,/m/0h99cwc,383.633333,383.733333,0.5283047556877136,0.08090099692344666,0.15639716386795044,0.3990990221500397,0.7733786106109619
food,/m/02wbm,383.733333,384.633333,0.515340268611908,0.7199128270149231,0.3691919445991516,0.88496994972229,0.6476584672927856
food,/m/02wbm,383.733333,384.633333,0.515340268611908,0.56346195936203,0.36935633420944214,0.8824581503868103,0.6621541976928711
tableware,/m/04brg2,384.233333,384.233333,0.5078931450843811,0.5705891847610474,0.3704938590526581,0.8829028606414795,0.6647579073905945
person,/m/01g317,385.533333,385.533333,0.7652934193611145,0.214662104845047,0.0,0.6411572694778442,0.10209599882364273
kitchen appliance,/m/0h99cwc,385.733333,385.833333,0.6060370206832886,0.08090099692344666,0.1218019425868988,0.40542709827423096,0.7581980228424072
food,/m/02wbm,386.433333,386.733333,0.5232641696929932,0.72881680727005,0.37720492482185364,0.8955464363098145,0.6545707583427429
food,/m/02wbm,386.433333,386.733333,0.5232641696929932,0.5784626007080078,0.36415836215019226,0.889702558517456,0.6744767427444458
food,/m/02wbm,386.533333,389.033333,0.5372537970542908,0.03138918802142143,0.16813631355762482,0.3145439922809601,0.5786678194999695
table,/m/04bcr3,386.633333,391.433333,0.5864899158477783,0.0030130520462989807,0.07546058297157288,0.9994036555290222,0.9459241628646851
egg,/m/033cnk,386.933333,387.733333,0.6574969291687012,0.5828062891960144,0.37700968980789185,0.7413363456726074,0.6521199345588684
drink,/m/0271t,387.533333,387.533333,0.5095762610435486,0.02183832786977291,0.1500929594039917,0.3079483211040497,0.5771383047103882
food,/m/02wbm,388.133333,389.733333,0.5259440541267395,0.730327844619751,0.3718012869358063,0.8944360613822937,0.6534655094146729
egg,/m/033cnk,388.933333,389.633333,0.5507484674453735,0.5832167267799377,0.3775080442428589,0.7447028160095215,0.6561156511306763
kitchen appliance,/m/0h99cwc,389.133333,389.133333,0.5397792458534241,0.08090099692344666,0.15766075253486633,0.4016859233379364,0.7677505016326904
tableware,/m/04brg2,389.933333,390.233333,0.5141664147377014,0.5840999484062195,0.3669131100177765,0.8975035548210144,0.6677916049957275
food,/m/02wbm,390.133333,392.133333,0.5262030363082886,0.0369051955640316,0.22442522644996643,0.29640719294548035,0.5431891083717346
kitchen appliance,/m/0h99cwc,391.833333,396.433333,0.5856988430023193,0.08090099692344666,0.1482560932636261,0.40181148052215576,0.7689850330352783
egg,/m/033cnk,392.633333,392.633333,0.5085502862930298,0.581135630607605,0.3740091621875763,0.7480933666229248,0.6576524972915649
food,/m/02wbm,392.833333,394.033333,0.5082805752754211,0.7317557334899902,0.3722882568836212,0.8899330496788025,0.6534231901168823
person,/m/01g317,393.133333,393.133333,0.80668044090271,0.05152267590165138,0.0,0.5904229283332825,0.14191454648971558
food,/m/02wbm,393.533333,393.633333,0.5125303268432617,0.022592294961214066,0.15129156410694122,0.31606602668762207,0.583519458770752
egg,/m/033cnk,393.733333,393.733333,0.5894879698753357,0.5812441110610962,0.37855350971221924,0.7446772456169128,0.658320426940918
table,/m/04bcr3,394.533333,395.533333,0.5551255345344543,0.004784092307090759,0.06675195693969727,0.9964764714241028,0.9514703154563904
food,/m/02wbm,395.033333,395.733333,0.527985692024231,0.0250039454549551,0.16632017493247986,0.3119906187057495,0.5717061161994934
table,/m/04bcr3,396.433333,397.733333,0.5503517389297485,0.006222985684871674,0.07869046926498413,0.9959718585014343,0.9654870629310608
egg,/m/033cnk,396.433333,396.733333,0.5658869743347168,0.5811591744422913,0.37990236282348633,0.7455058693885803,0.6595491170883179
food,/m/02wbm,396.633333,400.533333,0.5291702151298523,0.031539157032966614,0.20818385481834412,0.30535680055618286,0.5505274534225464
egg,/m/033cnk,397.833333,399.033333,0.5553107857704163,0.5823651552200317,0.3784201741218567,0.7441527247428894,0.6568336486816406
kitchen appliance,/m/0h99cwc,397.933333,400.433333,0.5550549626350403,0.08090099692344666,0.167710542678833,0.4017646610736847,0.7749779224395752
table,/m/04bcr3,399.733333,402.733333,0.636693000793457,0.003818374127149582,0.10530925542116165,0.9965260028839111,0.9644643664360046
egg,/m/033cnk,400.733333,400.733333,0.5573660731315613,0.5801903009414673,0.3771076500415802,0.7465343475341797,0.6581351161003113
food,/m/02wbm,401.733333,401.733333,0.5143367052078247,0.0277776587754488,0.16580936312675476,0.31052035093307495,0.5800760984420776
tableware,/m/04brg2,401.833333,402.733333,0.5079098343849182,0.7319419980049133,0.37403395771980286,0.8921211361885071,0.6548103094100952
kitchen appliance,/m/0h99cwc,401.933333,402.133333,0.5057374238967896,0.08090099692344666,0.15164171159267426,0.40430283546447754,0.7695322632789612
food,/m/02wbm,402.833333,412.433333,0.5546509027481079,0.021651478484272957,0.16471698880195618,0.3071269690990448,0.5860666632652283
egg,/m/033cnk,403.533333,406.133333,0.6016713976860046,0.5825343132019043,0.37511804699897766,0.7459238767623901,0.6594470143318176
table,/m/04bcr3,403.633333,407.833333,0.6190243363380432,0.0069631896913051605,0.10487592220306396,0.994770348072052,0.9788177013397217
kitchen appliance,/m/0h99cwc,403.833333,403.833333,0.5249953269958496,0.08090099692344666,0.1661241352558136,0.4016919732093811,0.7716159820556641
person,/m/01g317,408.933333,410.133333,0.8486494421958923,0.06614154577255249,0.003397461026906967,0.6325105428695679,0.29401588439941406
table,/m/04bcr3,409.333333,411.533333,0.5845332145690918,0.0027561411261558533,0.10412376374006271,0.9969603419303894,0.9699873328208923
egg,/m/033cnk,410.133333,411.733333,0.553464949131012,0.5813539028167725,0.3912908434867859,0.745782196521759,0.6715704202651978
person,/m/01g317,411.533333,417.033333,0.8500167727470398,0.0,0.0,0.4516545832157135,0.18790178000926971
kitchen appliance,/m/0h99cwc,411.633333,411.633333,0.5492072105407715,0.08090099692344666,0.16313660144805908,0.3990990221500397,0.7685962915420532
food processor,/m/03y6mg,413.833333,415.033333,0.581383466720581,0.014534633606672287,0.015735898166894913,0.41694483160972595,0.8642640709877014
egg,/m/033cnk,413.833333,414.433333,0.546180784702301,0.5767453908920288,0.3806054890155792,0.7454792857170105,0.6601706743240356
food processor,/m/03y6mg,415.933333,416.233333,0.5673500299453735,0.014534633606672287,0.015735898166894913,0.4070354700088501,0.8642640709877014
food,/m/02wbm,416.133333,416.233333,0.5195547342300415,0.038419459015131,0.1701657623052597,0.2992689609527588,0.5603893995285034
kitchen appliance,/m/0h99cwc,416.233333,416.733333,0.5994793176651001,0.08090099692344666,0.148503378033638,0.40475207567214966,0.7718697190284729
egg,/m/033cnk,417.933333,418.733333,0.5517398118972778,0.5806297063827515,0.3902139961719513,0.7455167174339294,0.6729564666748047
kitchen appliance,/m/0h99cwc,418.233333,418.233333,0.6486616730690002,0.08090099692344666,0.15723882615566254,0.40399765968322754,0.7667389512062073
food,/m/02wbm,419.433333,421.733333,0.523304283618927,0.03891618922352791,0.21157914400100708,0.3015442490577698,0.5587915182113647
table,/m/04bcr3,419.833333,422.533333,0.588161826133728,0.0030765384435653687,0.062118228524923325,0.9972590804100037,0.919247567653656
egg,/m/033cnk,420.233333,420.233333,0.5206093788146973,0.584248423576355,0.39071837067604065,0.7478002309799194,0.669289231300354
kitchen appliance,/m/0h99cwc,423.233333,423.233333,0.5493398904800415,0.08090099692344666,0.16666558384895325,0.4052993655204773,0.7627017498016357
toy,/m/0138tl,423.433333,423.733333,0.5831567049026489,0.5825664401054382,0.3562813103199005,0.8929538130760193,0.6694386005401611
food,/m/02wbm,424.233333,424.333333,0.5046305656433105,0.5833614468574524,0.3678114116191864,0.8899918794631958,0.6633957028388977
table,/m/04bcr3,424.333333,425.433333,0.5805153846740723,0.0008022263646125793,0.0745956301689148,0.9812111258506775,0.9697971940040588
kitchen appliance,/m/0h99cwc,424.933333,424.933333,0.6264488101005554,0.08090099692344666,0.17484056949615479,0.40007704496383667,0.7690227031707764
egg,/m/033cnk,425.133333,425.533333,0.5264115929603577,0.5757952332496643,0.3947407901287079,0.7513729929924011,0.6762464642524719
food,/m/02wbm,425.733333,425.733333,0.5139073133468628,0.03692451864480972,0.16361361742019653,0.3031783699989319,0.5670527815818787
kitchen appliance,/m/0h99cwc,425.933333,425.933333,0.5092669129371643,0.08090099692344666,0.16759146749973297,0.3990990221500397,0.7685951590538025
person,/m/01g317,426.333333,429.433333,0.8487138152122498,0.03768580034375191,0.009910449385643005,0.5920749306678772,0.5603667497634888
food processor,/m/03y6mg,426.333333,426.733333,0.5175607800483704,0.008627098053693771,0.015735898166894913,0.41282203793525696,0.8642640709877014
kitchen appliance,/m/0h99cwc,426.933333,426.933333,0.5281949043273926,0.009659897536039352,0.015735898166894913,0.40452104806900024,0.8642640709877014
food,/m/02wbm,427.933333,427.933333,0.500605583190918,0.5833802223205566,0.38405609130859375,0.745987057685852,0.6600612998008728
food processor,/m/03y6mg,428.133333,429.433333,0.6094561815261841,0.014534633606672287,0.017302915453910828,0.4113207459449768,0.8642640709877014
food,/m/02wbm,428.633333,428.833333,0.5111211538314819,0.050970885902643204,0.22653649747371674,0.2848716974258423,0.5067685842514038
kitchen appliance,/m/0h99cwc,429.033333,429.033333,0.5769444704055786,0.08090099692344666,0.13922946155071259,0.4009203612804413,0.7691980004310608
egg,/m/033cnk,430.833333,432.533333,0.5845851302146912,0.579118549823761,0.3907017409801483,0.7503900527954102,0.6739250421524048
food,/m/02wbm,431.033333,432.033333,0.5346342325210571,0.028626522049307823,0.17558245360851288,0.3046529293060303,0.5813548564910889
tableware,/m/04brg2,431.133333,431.133333,0.5049303770065308,0.7334145307540894,0.37449410557746887,0.8926740884780884,0.6539372205734253
food processor,/m/03y6mg,431.433333,431.433333,0.5420735478401184,0.01035889983177185,0.024871788918972015,0.40778809785842896,0.8642640709877014
table,/m/04bcr3,431.533333,431.533333,0.5897339582443237,0.012271963059902191,0.06365697830915451,0.9916698932647705,0.9555240869522095
kitchen appliance,/m/0h99cwc,432.833333,434.533333,0.5484460592269897,0.08090099692344666,0.147561714053154,0.3991771340370178,0.7677347660064697
tableware,/m/04brg2,432.833333,433.733333,0.5125675201416016,0.5827590227127075,0.3699396848678589,0.8956021070480347,0.6716402769088745
table,/m/04bcr3,433.033333,434.033333,0.6195505261421204,0.009115584194660187,0.07729543745517731,0.9919629096984863,0.9681558012962341
food,/m/02wbm,433.133333,433.133333,0.5498929619789124,0.028063572943210602,0.166802778840065,0.3081609606742859,0.5772705674171448
egg,/m/033cnk,433.933333,433.933333,0.5321614146232605,0.5797953009605408,0.3835754692554474,0.7424474358558655,0.6586382985115051
food,/m/02wbm,435.033333,435.533333,0.5143744349479675,0.02609694004058838,0.17339636385440826,0.30938801169395447,0.5821143388748169
person,/m/01g317,435.433333,435.833333,0.8115344047546387,0.003593968227505684,0.0009009726345539093,0.6176974773406982,0.21572452783584595
kitchen appliance,/m/0h99cwc,435.433333,437.833333,0.5670633316040039,0.08090099692344666,0.16467681527137756,0.3990990221500397,0.7681083679199219
food processor,/m/03y6mg,436.133333,436.133333,0.5256967544555664,0.006946057081222534,0.0412074476480484,0.4045387804508209,0.8642640709877014
food,/m/02wbm,436.533333,436.733333,0.5059646368026733,0.7337646484375,0.37117910385131836,0.8932002186775208,0.6549803018569946
egg,/m/033cnk,436.833333,437.133333,0.5141676664352417,0.5776684284210205,0.39485275745391846,0.7529668807983398,0.6712636947631836
person,/m/01g317,437.133333,438.633333,0.8306909799575806,0.3748466968536377,0.0,0.6152547597885132,0.2466716468334198
person,/m/01g317,437.133333,438.633333,0.8306909799575806,0.27376553416252136,0.003525417996570468,0.5910307168960571,0.2535356283187866
person,/m/01g317,437.133333,438.633333,0.8306909799575806,0.06913100183010101,0.003055091015994549,0.6874274015426636,0.2512103319168091
table,/m/04bcr3,437.133333,437.133333,0.5116164684295654,0.01438501849770546,0.06630423665046692,0.9870526194572449,0.9447383880615234
food,/m/02wbm,437.233333,437.733333,0.517015814781189,0.029610367491841316,0.16749584674835205,0.30927467346191406,0.5711748600006104
food processor,/m/03y6mg,438.033333,438.033333,0.5038945078849792,0.08090099692344666,0.16703419387340546,0.3990990221500397,0.7762060761451721
kitchen appliance,/m/0h99cwc,438.833333,439.133333,0.7090778350830078,0.08090099692344666,0.1830461621284485,0.3990990221500397,0.7744439840316772
food,/m/02wbm,439.033333,439.533333,0.5092829465866089,0.029180768877267838,0.20338407158851624,0.30245789885520935,0.557438313961029
table,/m/04bcr3,439.033333,439.733333,0.5419270396232605,0.001204170286655426,0.056819792836904526,0.9978361129760742,0.8899999856948853
food,/m/02wbm,439.033333,439.033333,0.505102813243866,0.7303332090377808,0.3730177879333496,0.8938769102096558,0.6551368832588196
egg,/m/033cnk,439.433333,439.433333,0.5076196789741516,0.5794045925140381,0.3850342631340027,0.7457865476608276,0.6599811315536499
kitchen appliance,/m/0h99cwc,440.133333,441.933333,0.5623953938484192,0.08090099692344666,0.16382238268852234,0.3990990221500397,0.7717076539993286
person,/m/01g317,440.733333,440.733333,0.7928982973098755,0.2571859657764435,0.0048159644939005375,0.6240642666816711,0.09762998670339584
tableware,/m/04brg2,440.833333,442.833333,0.5177650451660156,0.5766530632972717,0.3706407845020294,0.8927196860313416,0.6700196862220764
egg,/m/033cnk,440.933333,441.533333,0.547548234462738,0.5808506608009338,0.3841383755207062,0.7421826124191284,0.6581758856773376
food,/m/02wbm,441.033333,441.733333,0.5039044618606567,0.7319749593734741,0.3741351366043091,0.8940348625183105,0.6535096168518066
table,/m/04bcr3,442.033333,442.033333,0.5817025303840637,0.002516739070415497,0.09423168003559113,0.9978165030479431,0.9636929035186768
food,/m/02wbm,442.633333,443.633333,0.5054253935813904,0.7324296832084656,0.3709387481212616,0.8937163949012756,0.6539446115493774
person,/m/01g317,442.733333,443.033333,0.8508135676383972,0.028550975024700165,0.01078603696078062,0.6252152323722839,0.26093733310699463
kitchen appliance,/m/0h99cwc,442.833333,442.833333,0.5568455457687378,0.08090099692344666,0.16946455836296082,0.3990990221500397,0.7714463472366333
food processor,/m/03y6mg,443.133333,443.133333,0.5004266500473022,0.010220948606729507,0.01947631686925888,0.42097657918930054,0.8642640709877014
food,/m/02wbm,443.633333,443.733333,0.5160146951675415,0.043250713497400284,0.21004658937454224,0.2911089062690735,0.5095744729042053
tableware,/m/04brg2,443.833333,444.733333,0.514957845211029,0.58209228515625,0.3714596927165985,0.8896850943565369,0.6683295369148254
egg,/m/033cnk,443.833333,445.533333,0.5325286984443665,0.5795570015907288,0.3829692006111145,0.7468504905700684,0.6595171689987183
person,/m/01g317,444.133333,444.633333,0.7855112552642822,0.026347465813159943,0.0009009726345539093,0.6309407353401184,0.21922729909420013
food processor,/m/03y6mg,444.133333,444.633333,0.5161625146865845,0.014534633606672287,0.017358656972646713,0.41107144951820374,0.8642640709877014
food,/m/02wbm,444.733333,445.533333,0.5399718284606934,0.033477719873189926,0.2045842558145523,0.2906976044178009,0.5228657126426697
kitchen appliance,/m/0h99cwc,444.833333,444.933333,0.565038800239563,0.08090099692344666,0.18871942162513733,0.3990990221500397,0.7719321250915527
table,/m/04bcr3,445.033333,446.633333,0.6142726540565491,0.002804398536682129,0.09442270547151566,0.9970625638961792,0.9715918898582458
food,/m/02wbm,445.333333,445.733333,0.502561092376709,0.7332963347434998,0.37667396664619446,0.8909979462623596,0.6529890298843384
kitchen appliance,/m/0h99cwc,446.033333,447.633333,0.5509999394416809,0.08090099692344666,0.17807544767856598,0.3990990221500397,0.7721803188323975
tableware,/m/04brg2,446.633333,446.733333,0.5168517827987671,0.7327524423599243,0.37464097142219543,0.8940715193748474,0.6541445255279541
food,/m/02wbm,446.733333,446.733333,0.5606424808502197,0.03043467178940773,0.16309621930122375,0.3091198801994324,0.5721760988235474
egg,/m/033cnk,447.333333,450.933333,0.5286304950714111,0.5819029808044434,0.3818318545818329,0.7470448613166809,0.6604776382446289
food,/m/02wbm,447.833333,447.933333,0.5069571733474731,0.7304023504257202,0.37137725949287415,0.893361508846283,0.6555846333503723
kitchen appliance,/m/0h99cwc,448.533333,448.533333,0.522906482219696,0.08090099692344666,0.1609681397676468,0.40447986125946045,0.7827804684638977
table,/m/04bcr3,448.933333,448.933333,0.507401704788208,0.004308495670557022,0.09039435535669327,0.9961431622505188,0.9685945510864258
food,/m/02wbm,449.433333,449.633333,0.5215179920196533,0.02596530318260193,0.1593821793794632,0.3039977252483368,0.5763093829154968
kitchen appliance,/m/0h99cwc,449.833333,450.033333,0.5388662219047546,0.08090099692344666,0.18583960831165314,0.3990990221500397,0.7730443477630615
food,/m/02wbm,450.833333,451.533333,0.5447935461997986,0.026419218629598618,0.1568390429019928,0.31017398834228516,0.5747268199920654
tableware,/m/04brg2,450.833333,451.733333,0.51134192943573,0.5832604765892029,0.37219226360321045,0.8909569978713989,0.6672783493995667
kitchen appliance,/m/0h99cwc,450.933333,451.033333,0.5597358345985413,0.08090099692344666,0.17254053056240082,0.3990990221500397,0.7727968096733093
egg,/m/033cnk,451.933333,452.333333,0.5480737686157227,0.5831173062324524,0.3904104232788086,0.7517373561859131,0.6688413023948669
food,/m/02wbm,451.933333,452.333333,0.5081486105918884,0.5794690251350403,0.36890727281570435,0.8915853500366211,0.6738048195838928
kitchen appliance,/m/0h99cwc,452.333333,453.833333,0.568854808807373,0.08090099692344666,0.16559231281280518,0.3990990221500397,0.7720270752906799
food,/m/02wbm,452.533333,453.633333,0.5401086807250977,0.031462661921978,0.16083872318267822,0.30757221579551697,0.5813634991645813
person,/m/01g317,452.733333,456.633333,0.8292528986930847,0.0009248368442058563,0.0009009726345539093,0.6021745800971985,0.28708967566490173
food processor,/m/03y6mg,453.933333,456.733333,0.5835903882980347,0.009791214019060135,0.03081272915005684,0.4060729742050171,0.8642640709877014
egg,/m/033cnk,454.233333,454.833333,0.5310781002044678,0.5820716619491577,0.3838757276535034,0.7470923066139221,0.6598050594329834
person,/m/01g317,454.733333,455.033333,0.8369030952453613,0.043133318424224854,0.017646044492721558,0.7068160176277161,0.6048451662063599
food,/m/02wbm,454.733333,454.733333,0.5323384404182434,0.030044417828321457,0.16376250982284546,0.3156430125236511,0.5801391005516052
kitchen appliance,/m/0h99cwc,455.633333,455.833333,0.5373237133026123,0.08090099692344666,0.12702582776546478,0.40032511949539185,0.7650021910667419
food,/m/02wbm,455.733333,456.033333,0.5346221327781677,0.03133217990398407,0.16072894632816315,0.3111928701400757,0.5794084668159485
tableware,/m/04brg2,456.533333,456.533333,0.5122734308242798,0.5814709067344666,0.36824485659599304,0.8902685642242432,0.6708330512046814
food,/m/02wbm,456.933333,459.633333,0.5125487446784973,0.029688991606235504,0.16401585936546326,0.31115734577178955,0.5846024751663208
kitchen appliance,/m/0h99cwc,457.333333,457.333333,0.535150945186615,0.08090099692344666,0.16239356994628906,0.4008323848247528,0.7672443389892578
egg,/m/033cnk,457.633333,458.233333,0.5570616126060486,0.5807236433029175,0.38446852564811707,0.7458482384681702,0.6590667963027954
kitchen appliance,/m/0h99cwc,458.433333,460.433333,0.5673967003822327,0.08090099692344666,0.15382270514965057,0.40359652042388916,0.7634887099266052
person,/m/01g317,460.733333,461.033333,0.7575064301490784,0.024697519838809967,0.0,0.43006598949432373,0.20234282314777374
food,/m/02wbm,460.733333,460.733333,0.5007244348526001,0.027941780164837837,0.15852651000022888,0.3089216947555542,0.5832650065422058
food processor,/m/03y6mg,460.933333,460.933333,0.5094293355941772,0.010079685598611832,0.015735898166894913,0.4129158556461334,0.8642640709877014
tableware,/m/04brg2,461.333333,461.533333,0.5131388902664185,0.7296928763389587,0.3707796037197113,0.8962544202804565,0.6555595993995667
tableware,/m/04brg2,461.333333,461.533333,0.5131388902664185,0.5973146557807922,0.36954182386398315,0.8936766982078552,0.6676095128059387
egg,/m/033cnk,461.833333,461.833333,0.5389416813850403,0.5839752554893494,0.38518935441970825,0.7484555840492249,0.6594310402870178
kitchen appliance,/m/0h99cwc,461.833333,463.133333,0.5349199771881104,0.08090099692344666,0.16416704654693604,0.3990990221500397,0.7682584524154663
person,/m/01g317,461.933333,462.233333,0.7987353205680847,0.0007941691437736154,0.008131961338222027,0.6243976950645447,0.2634551227092743
tableware,/m/04brg2,463.333333,464.033333,0.5129624605178833,0.72978276014328,0.3717111647129059,0.8961074948310852,0.6548712849617004
tableware,/m/04brg2,463.333333,464.033333,0.5129624605178833,0.6248084902763367,0.3683396875858307,0.9166139364242554,0.6661813855171204
kitchen appliance,/m/0h99cwc,464.033333,465.233333,0.552550733089447,0.08090099692344666,0.1218019425868988,0.4138409197330475,0.7581980228424072
person,/m/01g317,464.233333,464.633333,0.8135033845901489,0.001113368198275566,0.0009009726345539093,0.6205899715423584,0.19909904897212982
food,/m/02wbm,465.733333,466.433333,0.5201408863067627,0.02685321308672428,0.16424089670181274,0.30915072560310364,0.5747910141944885
person,/m/01g317,466.733333,467.433333,0.7607766389846802,0.1858671009540558,0.00230811582878232,0.44628047943115234,0.1021781712770462
person,/m/01g317,466.733333,467.433333,0.7607766389846802,0.054844606667757034,-0.008249573409557343,0.44013601541519165,0.1900203824043274
kitchen appliance,/m/0h99cwc,466.733333,467.233333,0.5823834538459778,0.08090099692344666,0.1218019425868988,0.4042743146419525,0.7594804763793945
table,/m/04bcr3,467.333333,467.333333,0.5248037576675415,0.0025590360164642334,0.08787466585636139,0.999251127243042,0.9669309258460999
egg,/m/033cnk,467.833333,468.333333,0.5406360030174255,0.5841549634933472,0.38239458203315735,0.7487087249755859,0.6577852964401245
food,/m/02wbm,468.333333,472.933333,0.5252059102058411,0.031102176755666733,0.19232559204101562,0.3066471219062805,0.5486555695533752
table,/m/04bcr3,468.633333,468.633333,0.6871362924575806,0.014796033501625061,0.0816575139760971,0.9878879189491272,0.9632998108863831
person,/m/01g317,468.733333,469.033333,0.851459264755249,0.01654772460460663,0.003569879336282611,0.6602712273597717,0.22617217898368835
kitchen appliance,/m/0h99cwc,469.033333,471.433333,0.5854225754737854,0.08090099692344666,0.1572750359773636,0.4028050899505615,0.7667789459228516
egg,/m/033cnk,469.533333,470.933333,0.5374610424041748,0.5836684107780457,0.39153698086738586,0.7514923810958862,0.6722010970115662
tableware,/m/04brg2,469.833333,469.933333,0.5078939199447632,0.5837374329566956,0.36877700686454773,0.887702465057373,0.6693300604820251
table,/m/04bcr3,471.933333,477.233333,0.6466239094734192,0.013509061187505722,0.09003488719463348,0.992885172367096,0.964447557926178
egg,/m/033cnk,471.933333,472.733333,0.5094237327575684,0.5826349258422852,0.38567227125167847,0.7481173276901245,0.6589040756225586
person,/m/01g317,473.133333,473.133333,0.7572373747825623,0.28061553835868835,0.003080944996327162,0.5883293747901917,0.09273509681224823
egg,/m/033cnk,473.733333,473.733333,0.5021512508392334,0.5818164348602295,0.3925932049751282,0.7511633634567261,0.673495352268219
kitchen appliance,/m/0h99cwc,473.933333,475.333333,0.5744578838348389,0.08090099692344666,0.1771351844072342,0.4002932906150818,0.7700214385986328
person,/m/01g317,474.733333,475.033333,0.861579418182373,0.3548898994922638,0.0,0.60960853099823,0.1522773653268814
food,/m/02wbm,475.233333,476.333333,0.536535382270813,0.5825155973434448,0.3726627230644226,0.8878608345985413,0.6698155999183655
person,/m/01g317,475.533333,477.033333,0.7980024218559265,0.3905649483203888,0.0,0.7342450618743896,0.4592519998550415
person,/m/01g317,475.533333,477.033333,0.7980024218559265,0.1267988383769989,-0.015697456896305084,0.79771888256073,0.49541619420051575
kitchen appliance,/m/0h99cwc,476.633333,477.233333,0.5144468545913696,0.08090099692344666,0.17877233028411865,0.3990990221500397,0.7669991850852966
tableware,/m/04brg2,476.833333,476.833333,0.5073952078819275,0.7290146350860596,0.3739356994628906,0.8971600532531738,0.6528183817863464
food,/m/02wbm,477.033333,477.233333,0.5250300168991089,0.04608497396111488,0.1906687170267105,0.2939032316207886,0.4831320643424988
bottle,/m/04dr76w,477.333333,482.633333,0.6634796857833862,0.5998268127441406,0.07175156474113464,0.7115808725357056,0.6698206663131714
tableware,/m/04brg2,477.333333,478.433333,0.5712932348251343,0.3967008888721466,0.4385615587234497,0.5787924528121948,0.7236847877502441
mobile phone,/m/050k8,477.733333,482.633333,0.6259602904319763,0.7409198880195618,0.1427018940448761,0.8870744109153748,0.3228102922439575
egg,/m/033cnk,477.833333,478.233333,0.5431269407272339,0.4353428781032562,0.25143569707870483,0.5649763941764832,0.455807089805603
chair,/m/01mzpv,478.933333,478.933333,0.5387080311775208,0.24104702472686768,0.0028916560113430023,0.6329386830329895,0.10580956935882568
drink,/m/0271t,479.033333,479.733333,0.5518229007720947,0.8447048664093018,0.2372577041387558,0.9954689145088196,0.5238304734230042
tableware,/m/04brg2,479.333333,482.633333,0.5348912477493286,0.8461124897003174,0.239818274974823,0.9946263432502747,0.5245862603187561
chair,/m/01mzpv,480.133333,480.133333,0.5023687481880188,0.24647334218025208,0.0007836110889911652,0.6326460242271423,0.10731574892997742
frying pan,/m/04v6l4,481.833333,482.633333,0.5268296599388123,0.08393397927284241,0.17786796391010284,0.4018036127090454,0.6709985733032227
